chrom	start	end	span	category	Sumatran_orangutan	Bornean_orangutan	gorilla	bonobo	chimpanzee	human_CHM13	human_GRCh38	siamang	n_changes	branches	n_missing	min_backbone_cov
chr1	147461	176314	28853	small	?	?	1	?	?	0	0	?	1	gorilla	5	0.0
chr1	494897	498056	3159	small	?	?	1	?	?	0	0	?	1	gorilla	5	0.0
chr1	747770	776657	28887	small	0	0	1	?	0	0	0	?	1	gorilla	2	0.0
chr1	12838487	13056356	217869	small	0	0	1	0	0	0	0	?	1	gorilla	1	0.0
chr1	13060070	13065576	5506	small	0	0	1	0	0	0	0	?	1	gorilla	1	0.0
chr1	13082776	13094317	11541	small	1	0	0	0	0	0	0	?	1	Sumatran_orangutan	1	0.0
chr1	13144029	13151323	7294	small	1	1	1	1	1	0	0	?	1	Homo	1	0.0
chr1	13213442	13266801	53359	small	0	1	0	0	0	0	0	?	1	Bornean_orangutan	1	0.0
chr1	13272559	13275912	3353	small	0	1	0	0	0	0	0	?	1	Bornean_orangutan	1	0.0
chr1	13299879	13301137	1258	small	1	0	0	0	0	0	0	?	1	Sumatran_orangutan	1	0.0
chr1	16523359	16527058	3699	small	1	0	0	0	0	0	0	0	1	Sumatran_orangutan	0	1.0
chr1	16552882	16565260	12378	small	0	0	1	0	0	0	0	0	1	gorilla	0	1.0
chr1	16618961	16669561	50600	small	0	0	1	0	1	0	0	0	2	gorilla;chimpanzee	0	1.0
chr1	16671709	16675936	4227	small	0	0	1	0	0	0	0	0	1	gorilla	0	1.0
chr1	16731600	16736083	4483	small	0	0	1	0	0	0	0	0	1	gorilla	0	1.0
chr1	16736160	16743709	7549	small	0	0	1	0	0	0	0	0	1	gorilla	0	1.0
chr1	16849161	16856691	7530	small	0	0	1	0	0	0	0	?	1	gorilla	1	0.0
chr1	87415201	149740426	62325225	pericentric	0	0	0	0	1	0	0	0	1	chimpanzee	0	1.0
chr1	103670545	103713477	42932	small	0	0	0	1	0	0	0	1	2	bonobo;siamang	0	1.0
chr1	120404406	120405500	1094	small	1	1	0	0	0	0	0	0	1	Pongo	0	1.0
chr1	120413398	120424745	11347	small	0	0	1	0	0	0	0	0	1	gorilla	0	1.0
chr1	120449238	120454002	4764	small	0	0	0	1	1	0	0	0	1	Pan	0	1.0
chr1	120849830	120932022	82192	small	0	0	1	0	1	0	0	0	2	gorilla;chimpanzee	0	1.0
chr1	143631439	143650992	19553	small	0	0	1	0	1	0	0	0	2	gorilla;chimpanzee	0	1.0
chr1	143663084	143674465	11381	small	0	0	1	0	1	0	0	0	2	gorilla;chimpanzee	0	1.0
chr1	144348890	144355348	6458	small	0	0	0	1	0	0	0	0	1	bonobo	0	1.0
chr1	144409769	144411964	2195	small	0	0	0	0	0	0	0	1	1	siamang	0	1.0
chr1	144415390	144423503	8113	small	0	0	0	0	1	0	0	0	1	chimpanzee	0	1.0
chr1	144472130	144475919	3789	small	0	0	0	0	1	0	0	0	1	chimpanzee	0	1.0
chr1	144581847	144609097	27250	small	0	0	1	0	0	0	0	0	1	gorilla	0	1.0
chr1	146129926	146132857	2931	small	0	0	1	0	0	0	0	0	1	gorilla	0	1.0
chr1	146366211	146371755	5544	small	0	0	0	0	1	0	0	0	1	chimpanzee	0	1.0
chr1	148098463	148105462	6999	small	0	0	1	0	0	0	0	0	1	gorilla	0	1.0
chr1	148126666	148819149	692483	small	0	0	1	0	0	0	0	0	1	gorilla	0	1.0
chr1	149107048	149114270	7222	small	0	0	0	0	1	0	0	0	1	chimpanzee	0	1.0
chr1	149437974	149561717	123743	small	0	0	1	0	0	0	0	0	1	gorilla	0	1.0
chr1	149562351	149626153	63802	small	0	0	1	0	1	0	0	0	2	gorilla;chimpanzee	0	1.0
chr1	149636157	149644531	8374	small	0	0	0	0	1	0	0	0	1	chimpanzee	0	1.0
chr10	26661679	26678002	16323	small	0	1	0	0	0	0	0	0	1	Bornean_orangutan	0	1.0
chr10	27347809	87422226	60074417	pericentric	1	1	1	0	0	0	0	0	2	Hominidae;Homininae	0	0.969
chr10	46134265	46142100	7835	small	1	1	0	0	0	0	0	0	1	Pongo	0	1.0
chr10	46144063	46153451	9388	small	1	1	0	0	0	0	0	0	1	Pongo	0	1.0
chr10	46202669	46204846	2177	small	1	1	1	0	0	0	0	0	2	Hominidae;Homininae	0	1.0
chr10	46211532	46755113	543581	small	1	0	0	0	0	0	0	0	1	Sumatran_orangutan	0	1.0
chr10	50711504	50741165	29661	small	0	0	0	0	0	0	0	1	1	siamang	0	0.0
chr10	79680896	79682262	1366	small	0	0	1	0	0	0	0	0	1	gorilla	0	1.0
chr10	79682263	79683739	1476	small	0	0	1	0	0	0	0	0	1	gorilla	0	1.0
chr10	79684135	79685530	1395	small	0	0	1	0	0	0	0	0	1	gorilla	0	1.0
chr10	79686291	79715206	28915	small	1	1	0	0	0	0	0	0	1	Pongo	0	1.0
chr10	79838790	79841248	2458	small	0	0	0	0	0	0	0	1	1	siamang	0	1.0
chr10	79841797	79849057	7260	small	0	0	0	0	0	0	0	1	1	siamang	0	1.0
chr10	87216769	87236393	19624	small	0	1	0	0	0	0	0	0	1	Bornean_orangutan	0	1.0
chr11	3610068	71565611	67955543	pericentric	1	0	0	0	0	0	0	0	1	Sumatran_orangutan	0	0.671
chr11	4235685	4289106	53421	small	0	0	1	0	0	0	0	0	1	gorilla	0	1.0
chr11	48974964	48984250	9286	small	0	1	0	0	0	0	0	0	1	Bornean_orangutan	0	1.0
chr11	49025552	49034781	9229	small	1	0	0	0	0	0	0	0	1	Sumatran_orangutan	0	1.0
chr11	71913385	97215203	25301818	pericentric	0	0	0	0	0	0	0	1	1	siamang	0	0.016
chr11	89795910	89839425	43515	small	0	0	0	0	0	0	0	1	1	siamang	0	1.0
chr11	89841781	89848412	6631	small	0	0	0	0	0	0	0	1	1	siamang	0	1.0
chr11	89851482	89891721	40239	small	0	0	0	0	0	0	0	1	1	siamang	0	1.0
chr11	89923850	89930531	6681	small	0	0	1	0	0	0	0	0	1	gorilla	0	1.0
chr11	89955138	89984436	29298	small	0	0	0	1	1	0	0	0	1	Pan	0	1.0
chr11	89984616	89993038	8422	small	0	0	0	1	0	0	0	0	1	bonobo	0	1.0
chr11	89996090	90002723	6633	small	0	0	0	0	0	0	0	1	1	siamang	0	1.0
chr11	90018516	90027010	8494	small	0	0	0	0	0	0	0	1	1	siamang	0	1.0
chr12	9359701	9368054	8353	small	0	0	1	0	0	0	0	?	1	gorilla	1	0.0
chr12	9382625	9408349	25724	small	0	0	1	0	0	0	0	?	1	gorilla	1	0.0
chr12	20810401	68010902	47200501	pericentric	0	0	1	1	1	0	0	?	2	African_apes;Homo	1	0.066
chr13	19203635	24249957	5046322	pericentric	1	1	0	0	0	0	0	0	1	Pongo	0	1.0
chr13	24563992	24571125	7133	small	0	0	0	0	0	0	0	1	1	siamang	0	1.0
chr13	24965997	64899149	39933152	pericentric	0	0	0	0	0	0	0	1	1	siamang	0	1.0
chr14	18233269	45301010	27067741	pericentric	0	0	1	0	0	0	0	0	1	gorilla	0	0.041
chr14	105975687	105981949	6262	small	1	1	0	1	1	0	0	0	2	Pongo;Pan	0	1.0
chr15	19775733	41880052	22104319	pericentric	1	0	0	0	0	0	0	1	2	Sumatran_orangutan;siamang	0	0.244
chr15	20467087	20476816	9729	small	0	1	0	0	0	0	0	?	1	Bornean_orangutan	1	0.0
chr15	20480900	20512940	32040	small	1	1	0	0	0	0	0	?	1	Pongo	1	0.0
chr15	20549507	20556933	7426	small	1	1	0	0	0	0	0	?	1	Pongo	1	0.0
chr15	20556935	20558086	1151	small	1	1	0	0	0	0	0	?	1	Pongo	1	0.0
chr15	20576611	20578915	2304	small	?	0	1	0	0	0	0	?	1	gorilla	2	0.0
chr15	20782455	20783515	1060	small	?	0	1	0	0	0	0	?	1	gorilla	2	0.0
chr15	20783608	21445344	661736	small	?	0	1	0	0	0	0	?	1	gorilla	2	0.0
chr15	22443456	22451214	7758	small	?	0	1	0	0	0	0	?	1	gorilla	2	0.0
chr15	22524223	22525540	1317	small	0	1	0	0	0	0	0	0	1	Bornean_orangutan	0	1.0
chr15	22526867	22533350	6483	small	1	1	0	0	0	0	0	0	1	Pongo	0	1.0
chr15	22582840	22616521	33681	small	1	1	0	0	0	0	0	0	1	Pongo	0	1.0
chr15	23159427	23334067	174640	small	0	0	1	0	1	0	0	0	2	gorilla;chimpanzee	0	1.0
chr15	23375266	23377860	2594	small	1	0	0	0	0	0	0	?	1	Sumatran_orangutan	1	0.0
chr15	23410996	23427605	16609	small	1	0	0	0	0	0	0	?	1	Sumatran_orangutan	1	0.0
chr15	23427610	23432685	5075	small	1	0	0	0	0	0	0	?	1	Sumatran_orangutan	1	0.0
chr15	28267650	28270178	2528	small	1	0	0	0	0	0	0	0	1	Sumatran_orangutan	0	1.0
chr15	28272723	28274181	1458	small	1	0	0	0	0	0	0	0	1	Sumatran_orangutan	0	1.0
chr15	28279711	28283152	3441	small	1	0	0	0	0	0	0	0	1	Sumatran_orangutan	0	1.0
chr15	28296889	28301635	4746	small	0	1	0	0	0	0	0	0	1	Bornean_orangutan	0	1.0
chr15	28302527	28312343	9816	small	0	1	0	0	0	0	0	0	1	Bornean_orangutan	0	1.0
chr15	28312642	28314117	1475	small	0	1	0	0	0	0	0	0	1	Bornean_orangutan	0	1.0
chr15	28365794	28427594	61800	small	1	1	0	0	0	0	0	0	1	Pongo	0	0.758
chr15	28429216	28463175	33959	small	1	0	0	0	0	0	0	0	1	Sumatran_orangutan	0	1.0
chr15	28463363	28488118	24755	small	1	1	0	0	0	0	0	0	1	Pongo	0	1.0
chr15	28513108	28526570	13462	small	0	0	1	0	0	0	0	0	1	gorilla	0	1.0
chr15	28537254	28538431	1177	small	1	1	0	0	0	0	0	0	1	Pongo	0	1.0
chr15	28582709	28656164	73455	small	0	1	0	0	0	0	0	0	1	Bornean_orangutan	0	1.0
chr15	28677175	28711089	33914	small	1	1	0	0	0	0	0	0	1	Pongo	0	1.0
chr15	30102568	30775214	672646	small	1	0	0	0	0	0	0	0	1	Sumatran_orangutan	0	1.0
chr15	32440976	32454302	13326	small	1	0	1	0	0	0	0	0	2	Sumatran_orangutan;gorilla	0	1.0
chr15	32457373	32480353	22980	small	1	0	0	0	0	0	0	0	1	Sumatran_orangutan	0	1.0
chr15	32481257	32495388	14131	small	0	0	0	0	0	0	0	1	1	siamang	0	1.0
chr15	32522241	32591719	69478	small	0	1	0	1	1	0	0	0	2	Bornean_orangutan;Pan	0	1.0
chr15	34409822	34565744	155922	small	1	0	0	0	0	0	0	0	1	Sumatran_orangutan	0	0.56
chr15	82312478	85294500	2982022	pericentric	0	0	0	1	1	1	0	0	2	Homininae;human_GRCh38	0	1.0
chr15	82384235	82396749	12514	small	0	0	0	1	1	0	0	0	1	Pan	0	1.0
chr15	82405035	82410004	4969	small	0	0	0	1	0	0	0	0	1	bonobo	0	1.0
chr15	82492197	82493978	1781	small	0	0	0	1	0	0	0	0	1	bonobo	0	1.0
chr15	82494041	82495369	1328	small	0	0	0	1	0	0	0	0	1	bonobo	0	1.0
chr15	82495371	82496484	1113	small	0	0	0	1	0	0	0	0	1	bonobo	0	1.0
chr15	82497788	82499001	1213	small	0	0	0	1	0	0	0	0	1	bonobo	0	1.0
chr15	82499018	82500614	1596	small	0	0	0	1	0	0	0	0	1	bonobo	0	1.0
chr15	84249234	84250276	1042	small	0	0	1	0	0	0	0	0	1	gorilla	0	1.0
chr15	84325500	84354281	28781	small	1	1	1	0	0	0	0	0	2	Hominidae;Homininae	0	1.0
chr15	84354290	84361677	7387	small	0	0	0	1	1	0	0	0	1	Pan	0	1.0
chr15	84365901	84377997	12096	small	0	0	0	1	0	0	0	0	1	bonobo	0	1.0
chr15	84406311	84415233	8922	small	0	0	0	0	1	0	0	0	1	chimpanzee	0	1.0
chr15	84433413	84440139	6726	small	0	0	1	0	0	0	0	0	1	gorilla	0	1.0
chr15	84462822	84463985	1163	small	0	0	1	0	0	0	0	0	1	gorilla	0	1.0
chr15	84465444	84467198	1754	small	0	0	1	0	0	0	0	0	1	gorilla	0	1.0
chr15	84483752	84493006	9254	small	1	1	0	0	0	0	0	1	1	African_apes	0	1.0
chr15	84518071	84519190	1119	small	0	0	0	0	0	0	0	1	1	siamang	0	1.0
chr16	14749173	30223437	15474264	pericentric	0	0	0	1	1	0	0	0	1	Pan	0	0.693
chr16	14768888	14770313	1425	small	0	0	0	0	1	0	0	?	1	chimpanzee	1	0.0
chr16	14771257	14781560	10303	small	0	0	0	1	0	0	0	?	1	bonobo	1	0.0
chr16	14792791	14999358	206567	small	1	1	0	0	0	0	0	?	1	Pongo	1	0.0
chr16	15038859	15088174	49315	small	1	0	0	0	0	0	0	?	1	Sumatran_orangutan	1	0.0
chr16	15379743	15386942	7199	small	0	0	0	1	0	0	0	?	1	bonobo	1	0.0
chr16	16231687	16237592	5905	small	0	0	0	1	0	0	0	?	1	bonobo	1	0.0
chr16	16238718	16266567	27849	small	0	0	0	1	0	0	0	?	1	bonobo	1	0.0
chr16	16309816	16313831	4015	small	0	0	0	1	1	0	0	?	1	Pan	1	0.0
chr16	18307254	18309645	2391	small	0	0	0	1	0	0	0	?	1	bonobo	1	0.0
chr16	18326023	18329473	3450	small	0	0	0	1	0	0	0	?	1	bonobo	1	0.0
chr16	18429453	18436488	7035	small	0	0	0	1	0	0	0	?	1	bonobo	1	0.0
chr16	21441988	21451975	9987	small	0	0	0	0	1	0	0	0	1	chimpanzee	0	1.0
chr16	21558792	21797441	238649	small	1	1	0	0	0	0	0	0	1	Pongo	0	1.0
chr16	21828028	21830565	2537	small	0	0	0	1	0	0	0	0	1	bonobo	0	1.0
chr16	21863420	21891703	28283	small	0	0	1	0	0	0	0	0	1	gorilla	0	1.0
chr16	22429680	22436853	7173	small	0	0	1	0	0	0	0	0	1	gorilla	0	1.0
chr16	22436880	22515198	78318	small	0	0	1	1	0	0	0	0	2	gorilla;bonobo	0	1.0
chr16	29060560	29071167	10607	small	0	0	0	1	0	0	0	0	1	bonobo	0	1.0
chr16	29340008	29366481	26473	small	0	0	1	0	0	0	0	0	1	gorilla	0	1.0
chr16	29376476	29377890	1414	small	1	1	0	0	0	0	0	0	1	Pongo	0	1.0
chr16	29408172	29417451	9279	small	1	1	0	0	0	0	0	0	1	Pongo	0	1.0
chr16	29421027	29423862	2835	small	1	1	0	0	0	0	0	0	1	Pongo	0	1.0
chr16	29509950	29519247	9297	small	1	1	0	0	0	0	0	0	1	Pongo	0	1.0
chr16	29522746	29525611	2865	small	1	1	0	0	0	0	0	0	1	Pongo	0	1.0
chr16	30251609	30256465	4856	small	0	0	1	0	0	0	0	0	1	gorilla	0	1.0
chr16	31861268	35408548	3547280	pericentric	0	0	1	0	0	0	0	1	2	gorilla;siamang	0	1.0
chr16	32233333	32284506	51173	small	0	0	1	0	0	0	0	0	1	gorilla	0	1.0
chr16	32310510	32316829	6319	small	0	0	0	0	1	0	0	0	1	chimpanzee	0	1.0
chr16	32651728	33373001	721273	small	0	0	1	0	0	0	0	0	1	gorilla	0	1.0
chr16	33442590	33452870	10280	small	0	0	0	0	0	0	0	0	0	none	0	1.0
chr16	33453049	33490843	37794	small	0	0	0	0	1	0	0	0	1	chimpanzee	0	1.0
chr16	33507267	33523109	15842	small	0	0	1	1	1	0	0	0	2	African_apes;Homo	0	1.0
chr16	34691409	34724398	32989	small	0	0	1	0	0	0	0	0	1	gorilla	0	1.0
chr16	34737578	34738716	1138	small	0	0	1	0	0	0	0	0	1	gorilla	0	1.0
chr16	34774143	34779501	5358	small	0	0	1	0	0	0	0	0	1	gorilla	0	1.0
chr16	35180328	35182105	1777	small	1	0	0	0	0	0	0	0	1	Sumatran_orangutan	0	1.0
chr16	35194957	35197218	2261	small	0	0	0	0	0	0	0	1	1	siamang	0	1.0
chr16	35199266	35204590	5324	small	0	0	0	0	0	0	0	1	1	siamang	0	1.0
chr16	35242826	35246390	3564	small	0	0	0	0	0	0	0	1	1	siamang	0	1.0
chr16	70076075	74328226	4252151	pericentric	1	1	0	0	0	0	0	0	1	Pongo	0	1.0
chr17	141928	60121244	59979316	pericentric	0	0	0	1	1	0	0	1	2	Pan;siamang	0	0.563
chr17	15760426	15764139	3713	small	0	0	0	0	0	0	0	1	1	siamang	0	0.0
chr17	15812485	15817557	5072	small	1	1	0	0	0	0	0	0	1	Pongo	0	0.67
chr17	18522815	18528767	5952	small	1	0	0	0	0	0	0	?	1	Sumatran_orangutan	1	0.0
chr17	20416846	20421440	4594	small	1	1	0	0	0	0	0	?	1	Pongo	1	0.0
chr17	20421450	20432839	11389	small	1	1	0	0	0	0	0	?	1	Pongo	1	0.0
chr17	20440770	20464129	23359	small	1	0	0	0	0	0	0	0	1	Sumatran_orangutan	0	1.0
chr17	20471355	20476123	4768	small	1	0	1	0	0	0	0	0	2	Sumatran_orangutan;gorilla	0	1.0
chr17	20703088	20707983	4895	small	1	1	0	0	0	0	0	?	1	Pongo	1	0.0
chr17	20830915	21667024	836109	small	1	0	0	0	0	0	0	?	1	Sumatran_orangutan	1	0.0
chr17	30586654	30615987	29333	small	0	0	0	1	0	0	0	0	1	bonobo	0	1.0
chr17	32001238	32038900	37662	small	1	1	0	0	0	0	0	0	1	Pongo	0	1.0
chr17	32039474	32051496	12022	small	1	1	0	0	0	0	0	1	1	African_apes	0	1.0
chr17	32087794	32096221	8427	small	1	1	0	0	0	0	0	0	1	Pongo	0	1.0
chr17	36163541	36181570	18029	small	0	0	0	1	0	0	0	0	1	bonobo	0	1.0
chr17	36184822	36198406	13584	small	0	0	0	1	1	0	0	0	1	Pan	0	1.0
chr17	36222494	36228919	6425	small	0	0	0	1	0	0	0	0	1	bonobo	0	1.0
chr17	36229218	36238102	8884	small	0	0	0	0	1	0	0	0	1	chimpanzee	0	1.0
chr17	36247799	36251495	3696	small	0	0	1	0	0	0	0	0	1	gorilla	0	1.0
chr17	36251527	36266308	14781	small	0	1	1	0	0	0	0	0	2	Bornean_orangutan;gorilla	0	1.0
chr17	36271340	36273583	2243	small	0	1	0	0	0	0	0	0	1	Bornean_orangutan	0	1.0
chr17	36323727	36335866	12139	small	0	0	0	0	0	0	0	1	1	siamang	0	1.0
chr17	36337018	36338326	1308	small	0	0	0	0	0	0	0	1	1	siamang	0	1.0
chr17	36338329	36345258	6929	small	1	1	0	0	0	0	0	0	1	Pongo	0	1.0
chr17	36371691	36375286	3595	small	1	0	0	0	0	0	0	0	1	Sumatran_orangutan	0	1.0
chr17	36375419	36390224	14805	small	1	0	1	0	0	0	0	0	2	Sumatran_orangutan;gorilla	0	1.0
chr17	36400528	36401577	1049	small	0	1	0	0	0	0	0	0	1	Bornean_orangutan	0	1.0
chr17	36422649	36426468	3819	small	0	0	1	0	0	0	0	0	1	gorilla	0	1.0
chr17	36446664	36449217	2553	small	0	1	0	0	0	0	0	0	1	Bornean_orangutan	0	1.0
chr17	37937630	37938938	1308	small	0	0	0	0	0	0	0	1	1	siamang	0	1.0
chr17	37938941	37945867	6926	small	0	1	0	0	0	0	0	0	1	Bornean_orangutan	0	1.0
chr17	37976043	37990844	14801	small	0	0	1	0	0	0	0	1	2	gorilla;siamang	0	1.0
chr17	38003876	38018475	14599	small	1	1	0	0	0	0	0	1	1	African_apes	0	1.0
chr17	38018478	38025405	6927	small	1	1	0	0	0	0	0	0	1	Pongo	0	1.0
chr17	38025879	38032921	7042	small	0	1	0	0	0	0	0	0	1	Bornean_orangutan	0	1.0
chr17	38070683	38120639	49956	small	1	0	0	0	0	0	0	0	1	Sumatran_orangutan	0	1.0
chr17	38141127	38142435	1308	small	0	0	0	0	0	0	0	1	1	siamang	0	1.0
chr17	45512422	45516128	3706	small	0	0	1	0	0	0	0	0	1	gorilla	0	1.0
chr17	60004553	60019196	14643	small	1	1	0	0	0	0	0	0	1	Pongo	0	1.0
chr17	60049792	60079400	29608	small	0	1	0	0	0	0	0	0	1	Bornean_orangutan	0	1.0
chr17	62220190	62227719	7529	small	0	1	0	0	0	0	0	0	1	Bornean_orangutan	0	1.0
chr17	62229916	62231064	1148	small	0	1	0	0	0	0	0	0	1	Bornean_orangutan	0	1.0
chr17	62232166	62238295	6129	small	0	1	0	0	0	0	0	0	1	Bornean_orangutan	0	1.0
chr17	62240833	62243658	2825	small	0	1	0	0	0	0	0	0	1	Bornean_orangutan	0	1.0
chr17	62243744	62245285	1541	small	0	1	0	0	0	0	0	0	1	Bornean_orangutan	0	1.0
chr17	62252110	62273149	21039	small	0	1	0	0	0	0	0	0	1	Bornean_orangutan	0	1.0
chr18	112549	14542859	14430310	pericentric	?	1	1	?	?	0	0	?	1	Homininae	4	0.0
chr19	22445027	22446131	1104	small	0	0	0	0	0	0	0	1	1	siamang	0	1.0
chr19	36253983	37308087	1054104	pericentric	0	0	0	0	1	0	0	?	1	chimpanzee	1	0.368
chr19	46381375	58582623	12201248	pericentric	0	0	0	0	0	0	0	1	1	siamang	0	0.07
chr2	113672162	151291372	37619210	pericentric	0	0	0	1	0	0	0	?	1	bonobo	1	0.003
chr20	28728977	30924122	2195145	pericentric	0	0	1	0	1	1	0	0	3	African_apes;bonobo;human_GRCh38	0	1.0
chr21	5586474	6831859	1245385	pericentric	1	1	0	0	0	0	0	?	1	Pongo	1	0.131
chr21	6630700	6635757	5057	small	1	1	0	0	0	0	0	?	1	Pongo	1	0.0
chr21	6638143	6639467	1324	small	1	1	0	0	0	0	0	?	1	Pongo	1	0.0
chr21	6639469	6641032	1563	small	1	0	0	0	0	0	0	?	1	Sumatran_orangutan	1	0.0
chr21	6645045	6646538	1493	small	1	1	0	0	0	0	0	?	1	Pongo	1	0.0
chr21	6657284	6665525	8241	small	0	0	0	0	0	1	0	?	1	human_CHM13	1	0.0
chr21	7394067	7402040	7973	small	0	0	1	?	0	0	0	?	1	gorilla	2	0.0
chr21	7551060	7692975	141915	small	1	1	1	0	0	0	0	?	1	Homininae	1	0.0
chr21	9048857	9050311	1454	small	?	?	0	0	1	0	0	?	1	chimpanzee	3	0.0
chr21	9051223	9052745	1522	small	?	?	0	0	1	0	0	?	1	chimpanzee	3	0.0
chr21	13205430	13221054	15624	small	0	0	1	0	0	0	0	0	1	gorilla	0	1.0
chr21	27894553	27909897	15344	small	0	0	1	0	0	0	0	0	1	gorilla	0	1.0
chr22	10510000	12603582	2093582	pericentric	1	?	?	?	?	1	0	?	1	human_GRCh38	5	0.013
chr22	12029832	12034102	4270	small	0	?	?	0	0	1	0	?	1	human_CHM13	3	0.0
chr22	12694299	12696736	2437	small	?	?	?	1	0	0	0	0	1	bonobo	3	0.0
chr22	12882364	12883707	1343	small	?	?	?	0	0	1	0	0	1	human_CHM13	3	0.0
chr22	16877502	36972591	20095089	pericentric	0	0	0	0	0	0	0	1	1	siamang	0	0.875
chr22	18431730	18433515	1785	small	0	0	1	0	0	0	0	0	1	gorilla	0	1.0
chr22	18762761	18766447	3686	small	0	0	1	0	0	0	0	0	1	gorilla	0	1.0
chr22	18766464	18772566	6102	small	0	0	1	0	0	0	0	0	1	gorilla	0	1.0
chr22	21199539	21221007	21468	small	0	0	1	0	0	0	0	0	1	gorilla	0	0.964
chr22	21348070	21355170	7100	small	1	1	0	0	0	0	0	?	1	Pongo	1	0.0
chr22	32187815	32197331	9516	small	0	0	0	0	0	0	0	1	1	siamang	0	1.0
chr3	12551764	198129571	185577807	pericentric	1	0	0	0	0	0	0	?	1	Sumatran_orangutan	1	0.184
chr3	75351538	75361556	10018	small	0	?	1	0	0	0	0	0	1	gorilla	1	0.0
chr4	44809702	85037120	40227418	pericentric	0	0	0	1	1	0	0	?	1	Pan	1	0.0
chr4	68905218	69389377	484159	small	1	1	0	0	0	0	0	?	1	Pongo	1	0.0
chr4	178896697	180198743	1302046	pericentric	1	1	0	0	0	0	0	0	1	Pongo	0	1.0
chr5	18553213	96585722	78032509	pericentric	0	0	?	1	1	0	0	?	1	Pan	2	0.205
chr5	69782924	69789439	6515	small	0	0	?	1	1	0	0	?	1	Pan	2	0.0
chr5	69822498	69828322	5824	small	0	0	?	1	1	0	0	?	1	Pan	2	0.0
chr5	69828905	69838490	9585	small	0	0	?	1	1	0	0	?	1	Pan	2	0.0
chr5	69844722	69846444	1722	small	0	0	?	1	1	0	0	?	1	Pan	2	0.0
chr5	70699408	70702440	3032	small	0	0	?	1	1	0	0	?	1	Pan	2	0.0
chr5	176149494	177817202	1667708	pericentric	0	0	1	0	0	0	0	?	1	gorilla	1	0.0
chr6	64494933	65697895	1202962	pericentric	0	0	0	0	1	0	0	0	1	chimpanzee	0	1.0
chr6	64495019	64654258	159239	small	0	0	0	0	1	0	0	0	1	chimpanzee	0	1.0
chr6	65321824	65443737	121913	small	0	0	0	1	0	0	0	0	1	bonobo	0	1.0
chr7	31011	159333390	159302379	pericentric	1	1	0	0	0	0	0	?	1	Pongo	1	0.357
chr7	45791210	45801018	9808	small	0	1	0	0	0	0	0	?	1	Bornean_orangutan	1	0.0
chr7	56878544	56879704	1160	small	0	1	0	0	0	0	0	?	1	Bornean_orangutan	1	0.0
chr7	57051668	57057564	5896	small	1	1	0	0	0	0	0	?	1	Pongo	1	0.0
chr7	57102446	57105490	3044	small	0	1	0	0	0	0	0	?	1	Bornean_orangutan	1	0.0
chr7	60940001	60982216	42215	small	1	0	0	0	0	0	0	?	1	Sumatran_orangutan	1	0.0
chr7	63417896	63473990	56094	small	0	1	0	0	0	0	0	?	1	Bornean_orangutan	1	0.0
chr7	65106624	65123047	16423	small	1	1	0	0	0	0	0	?	1	Pongo	1	0.0
chr7	65724647	65734409	9762	small	1	0	0	0	0	0	0	?	1	Sumatran_orangutan	1	0.0
chr7	76523814	76541799	17985	small	1	1	0	0	0	0	0	?	1	Pongo	1	0.0
chr7	76628493	76630451	1958	small	1	1	0	0	0	0	0	?	1	Pongo	1	0.0
chr7	77050621	77054690	4069	small	1	1	0	0	0	0	0	?	1	Pongo	1	0.0
chr7	77056418	77060852	4434	small	1	1	0	0	0	0	0	?	1	Pongo	1	0.0
chr7	102367338	102377545	10207	small	0	0	0	1	1	0	0	?	1	Pan	1	0.0
chr7	102600538	102610052	9514	small	?	?	1	1	1	0	0	?	1	Homo	3	0.0
chr8	7064948	12715269	5650321	pericentric	1	1	1	1	1	1	0	?	1	human_GRCh38	1	0.0
chr8	7081820	7141320	59500	small	0	0	1	1	1	0	0	?	2	African_apes;Homo	1	0.0
chr8	7147367	8128184	980817	small	0	0	0	0	1	0	0	?	1	chimpanzee	1	0.0
chr8	12465675	12592243	126568	small	0	0	0	1	0	0	0	?	1	bonobo	1	0.0
chr8	12607018	12608563	1545	small	0	0	0	0	1	0	0	?	1	chimpanzee	1	0.0
chr8	12613757	12614946	1189	small	0	0	0	1	0	0	0	?	1	bonobo	1	0.0
chr8	12615794	12616806	1012	small	0	0	0	1	0	0	0	?	1	bonobo	1	0.0
chr8	12616813	12618948	2135	small	0	0	0	1	0	0	0	?	1	bonobo	1	0.0
chr8	12636340	12637595	1255	small	0	0	0	1	0	0	0	?	1	bonobo	1	0.0
chr8	31185596	84953755	53768159	pericentric	0	0	1	0	0	0	0	?	1	gorilla	1	0.238
chr9	50236	86239310	86189074	pericentric	1	0	1	0	1	0	0	?	3	Sumatran_orangutan;gorilla;chimpanzee	1	0.346
chr9	42675780	42679992	4212	small	0	1	0	0	0	0	0	0	1	Bornean_orangutan	0	1.0
chr9	61068333	61231971	163638	small	0	0	0	0	0	1	0	0	1	human_CHM13	0	1.0
chr9	62465263	62468971	3708	small	0	0	0	0	0	1	0	0	1	human_CHM13	0	1.0
chr9	62886063	62889608	3545	small	0	0	0	1	1	0	0	0	1	Pan	0	1.0
chr9	62889911	62893635	3724	small	0	0	0	1	1	0	0	0	1	Pan	0	1.0
chr9	62918001	62958373	40372	small	0	0	0	1	1	0	0	0	1	Pan	0	1.0
chr9	63030759	63041755	10996	small	0	0	0	0	0	1	0	0	1	human_CHM13	0	1.0
chr9	63048086	63057996	9910	small	0	0	0	0	1	0	0	0	1	chimpanzee	0	1.0
chr9	63968445	64011925	43480	small	1	1	0	0	0	0	0	0	1	Pongo	0	1.0
chr9	65796107	65838425	42318	small	0	0	1	0	0	0	0	0	1	gorilla	0	1.0
chrX	3797040	3813169	16129	small	0	0	1	0	0	0	0	0	1	gorilla	0	1.0
chrX	48290925	48292408	1483	small	0	1	0	0	0	0	0	0	1	Bornean_orangutan	0	1.0
chrX	48349213	48359156	9943	small	0	0	1	0	0	0	0	0	1	gorilla	0	1.0
chrX	52608246	52610737	2491	small	1	1	0	0	0	0	0	0	1	Pongo	0	1.0
chrX	120076000	120156064	80064	small	0	0	0	1	0	0	0	0	1	bonobo	0	1.0
chrX	135703267	135708578	5311	small	1	1	0	0	0	0	0	0	1	Pongo	0	1.0
chrX	141678506	141681004	2498	small	1	1	0	0	0	0	0	0	1	Pongo	0	1.0
chrY	224109	26167278	25943169	pericentric	0	0	1	0	1	0	0	0	2	gorilla;chimpanzee	0	0.625
chrY	6267134	6268510	1376	small	0	0	?	1	0	0	0	0	1	bonobo	1	0.0
chrY	6272008	6277058	5050	small	0	0	0	1	0	0	0	0	1	bonobo	0	1.0
chrY	6397521	6402566	5045	small	0	0	1	0	0	0	0	0	1	gorilla	0	0.0
chrY	7665029	7672818	7789	small	0	0	1	0	0	0	0	0	1	gorilla	0	1.0
chrY	8263008	8267369	4361	small	0	0	?	1	1	0	0	0	1	Pan	1	0.0
chrY	8301127	8498044	196917	small	0	0	1	0	0	0	0	0	1	gorilla	0	0.998
chrY	10026003	10034300	8297	small	1	1	?	0	0	0	0	0	1	Pongo	1	0.0
chrY	17835790	17889082	53292	small	0	0	1	0	0	0	0	0	1	gorilla	0	1.0
chrY	17971166	17983390	12224	small	0	0	1	0	0	0	0	0	1	gorilla	0	1.0
chrY	17983792	17986762	2970	small	0	0	1	0	0	0	0	0	1	gorilla	0	1.0
chrY	17986938	17995205	8267	small	0	0	1	0	0	0	0	0	1	gorilla	0	1.0
chrY	18016920	18017962	1042	small	0	0	1	0	0	0	0	0	1	gorilla	0	1.0
chrY	18036839	18041126	4287	small	0	0	1	0	0	0	0	0	1	gorilla	0	1.0
chrY	18455725	18511024	55299	small	0	0	1	0	0	0	0	0	1	gorilla	0	1.0
chrY	18557828	18559062	1234	small	0	0	1	0	0	0	0	0	1	gorilla	0	1.0
chrY	18638623	18639640	1017	small	0	0	1	0	0	0	0	0	1	gorilla	0	1.0
chrY	18682212	18687202	4990	small	0	0	1	0	0	0	0	0	1	gorilla	0	1.0
chrY	18708918	18731995	23077	small	0	0	0	0	1	0	0	0	1	chimpanzee	0	1.0
chrY	18740876	18743553	2677	small	0	0	1	0	0	0	0	0	1	gorilla	0	1.0
chrY	21492775	21505554	12779	small	0	0	0	0	1	0	0	0	1	chimpanzee	0	1.0
chrY	21563890	21619103	55213	small	0	0	0	0	1	0	0	0	1	chimpanzee	0	1.0
chrY	21865881	22615879	749998	small	0	0	1	0	0	0	0	0	1	gorilla	0	1.0
chrY	22626378	22645598	19220	small	1	1	0	0	0	0	0	0	1	Pongo	0	1.0
chrY	22656527	22682603	26076	small	1	1	0	0	0	0	0	0	1	Pongo	0	1.0
chrY	22683717	22684850	1133	small	1	1	0	0	0	0	0	0	1	Pongo	0	1.0
chrY	22689859	22693457	3598	small	1	1	0	0	0	0	0	0	1	Pongo	0	1.0
chrY	23014779	23020348	5569	small	0	1	0	0	0	0	0	0	1	Bornean_orangutan	0	1.0
chrY	23063161	23073275	10114	small	1	1	0	0	0	0	0	0	1	Pongo	0	1.0
chrY	23076212	23080276	4064	small	0	1	0	0	0	0	0	0	1	Bornean_orangutan	0	1.0
chrY	23082993	23085034	2041	small	0	1	0	0	0	0	0	0	1	Bornean_orangutan	0	1.0
chrY	23103810	23132853	29043	small	0	1	0	0	0	0	0	0	1	Bornean_orangutan	0	1.0
chrY	23202758	23210329	7571	small	0	1	0	0	0	0	0	0	1	Bornean_orangutan	0	1.0
chrY	23302293	23306315	4022	small	0	1	0	0	0	0	0	0	1	Bornean_orangutan	0	1.0
chrY	23307035	23308086	1051	small	0	1	0	0	0	0	0	0	1	Bornean_orangutan	0	1.0
chrY	23521572	23538521	16949	small	1	0	0	0	0	0	0	0	1	Sumatran_orangutan	0	1.0
chrY	23554484	23562964	8480	small	1	0	0	0	0	0	0	0	1	Sumatran_orangutan	0	1.0
chrY	23606917	23649970	43053	small	0	0	1	0	0	0	0	0	1	gorilla	0	1.0
chrY	23653393	23685766	32373	small	0	0	1	0	0	0	0	0	1	gorilla	0	1.0
chrY	23908398	23912898	4500	small	0	0	0	0	1	0	0	0	1	chimpanzee	0	1.0
chrY	23947028	23948042	1014	small	0	0	0	1	1	0	0	0	1	Pan	0	1.0
chrY	23963606	23964680	1074	small	0	0	0	1	0	0	0	0	1	bonobo	0	1.0
chrY	24035955	24039690	3735	small	0	0	1	0	0	0	0	0	1	gorilla	0	1.0
chrY	24063708	24065721	2013	small	0	0	0	0	1	0	0	0	1	chimpanzee	0	1.0
chrY	24448480	25123259	674779	small	0	1	0	0	0	0	0	0	1	Bornean_orangutan	0	0.836
chrY	25804380	25805526	1146	small	0	0	0	0	1	0	0	0	1	chimpanzee	0	1.0
chrY	25812322	25815055	2733	small	0	0	0	0	1	0	0	0	1	chimpanzee	0	1.0
chrY	25828135	25829818	1683	small	0	0	0	0	1	0	0	?	1	chimpanzee	1	0.0
chrY	25833611	25834827	1216	small	0	0	0	0	1	0	0	?	1	chimpanzee	1	0.0
chrY	25849576	25850608	1032	small	0	0	0	0	1	0	0	?	1	chimpanzee	1	0.0
chrY	25853309	25854719	1410	small	0	0	0	0	1	0	0	?	1	chimpanzee	1	0.0
chrY	25854743	25856917	2174	small	0	0	0	0	1	0	0	?	1	chimpanzee	1	0.0
chrY	25856929	25858365	1436	small	0	0	0	0	1	0	0	?	1	chimpanzee	1	0.0
chrY	25860820	25861909	1089	small	0	0	0	0	1	0	0	?	1	chimpanzee	1	0.0
chrY	25882523	25887789	5266	small	0	0	1	0	0	0	0	?	1	gorilla	1	0.0
chrY	25935630	26196581	260951	small	0	0	1	0	0	0	0	0	1	gorilla	0	0.597
