species	query_assembly	ref_chrom	ref_start	ref_end	query_chrom	query_start	query_end	chain_score	n_chains	colinearity_margin	dominant_orientation	category	ref_span
chimpanzee	GCA_028858775.2	chr1	13047824	13055791	chr1	218626952	218634967	653765	1	180719.0	-	small	7967
chimpanzee	GCA_028858775.2	chr1	13144875	13151323	chr1	217883373	218560400	1692733	3	79350.0	-	small	6448
chimpanzee	GCA_028858775.2	chr1	16618961	16669561	chr1	214263659	214331879	1704704	1	323209.0	-	small	50600
chimpanzee	GCA_028858775.2	chr1	16673956	16675936	chr1	214354655	214356316	141357	1	314895.0	-	small	1980
chimpanzee	GCA_028858775.2	chr1	87415201	120876880	chr1	106191457	121821549	692108379	2	839551.775578782	-	pericentric	33461679
chimpanzee	GCA_028858775.2	chr1	120449238	120454002	chr1	110348079	110352863	411156	1	550882.0	-	small	4764
chimpanzee	GCA_028858775.2	chr1	120849830	120932022	chr1	105962062	110026833	6871917	2	1999816.0	-	small	82192
chimpanzee	GCA_028858775.2	chr1	143541219	149562215	chr1	105688019	110373208	157650731	2	42987.50111360848	-	pericentric	6020996
chimpanzee	GCA_028858775.2	chr1	143632851	143650992	chr1	209575800	209587656	735110	1	16996310.0	-	small	18141
chimpanzee	GCA_028858775.2	chr1	143663093	143674446	chr1	108705231	108715564	775153	1	257976.0	-	small	11353
chimpanzee	GCA_028858775.2	chr1	144415390	144423503	chr1	109072590	109080680	708307	1	906291.0	-	small	8113
chimpanzee	GCA_028858775.2	chr1	144472130	144475919	chr1	107364020	107368688	308968	1	1086067.0	-	small	3789
chimpanzee	GCA_028858775.2	chr1	146366211	146371755	chr1	117461873	117959741	953097	2	3720283.0	-	small	5544
chimpanzee	GCA_028858775.2	chr1	148512823	148538007	chr1	117449328	117473250	1986144	1	4085840.0	-	small	25184
chimpanzee	GCA_028858775.2	chr1	148545094	148547621	chr1	105740235	105744280	154043	1	6029829.0	-	small	2527
chimpanzee	GCA_028858775.2	chr1	148555467	148559402	chr1	109082663	117473250	137215	2	4325494.0	-	small	3935
chimpanzee	GCA_028858775.2	chr1	148713559	148745798	chr1	117320726	117352300	2926633	1	7755.0	-	small	32239
chimpanzee	GCA_028858775.2	chr1	149107048	149114270	chr1	107361990	107368108	336274	2	316398.0	-	small	7222
chimpanzee	GCA_028858775.2	chr1	149582034	149626153	chr1	109980174	110026833	4010067	1	1462652.0	-	small	44119
chimpanzee	GCA_028858775.2	chr1	149636157	149644531	chr1	106558610	106569390	482716	1	6764955.0	-	small	8374
chimpanzee	GCA_028858775.2	chr10	38573338	42293246	chr8	51747213	55041366	54945237	1	486247.4183018803	+	pericentric	3719908
chimpanzee	GCA_028858775.2	chr10	45713633	50155768	chr8	58586462	62437823	75700993	1	1483262.9491238743	+	pericentric	4442135
chimpanzee	GCA_028858775.2	chr11	89955138	89984436	chr9	53029720	53051297	1325156	1	20530.0	+	small	29298
chimpanzee	GCA_028858775.2	chr11	89984616	89985816	chr9	58145861	58147056	103658	1	5126480.0	+	small	1200
chimpanzee	GCA_028858775.2	chr12	20810401	68010902	chr10	28028228	74717420	3949017255	1	21490.989212103188	+	pericentric	47200501
chimpanzee	GCA_028858775.2	chr14	105975687	105981948	chr15	17410590	17416278	452512	1	25772.0	+	small	6261
chimpanzee	GCA_028858775.2	chr15	19775733	28717452	chr16	6948250	13758278	465674934	1	2675504.9235596284	+	pericentric	8941719
chimpanzee	GCA_028858775.2	chr15	23159427	23334067	chr16	11743074	11894322	2471314	1	2149249.0	+	small	174640
chimpanzee	GCA_028858775.2	chr15	30557120	30562663	chr16	11885973	11891516	469087	1	6271010.0	+	small	5543
chimpanzee	GCA_028858775.2	chr15	32441868	32445037	chr16	6963903	7118689	409062	3	1357668.0	+	small	3169
chimpanzee	GCA_028858775.2	chr15	32446069	32450518	chr16	6958393	6962872	389948	1	1353823.0	+	small	4449
chimpanzee	GCA_028858775.2	chr15	32451644	32452646	chr16	7108982	7109987	87769	1	1502675.0	+	small	1002
chimpanzee	GCA_028858775.2	chr15	32522241	32591719	chr16	5598711	5636758	3087898	1	10925.0	+	small	69478
chimpanzee	GCA_028858775.2	chr15	82317700	85294500	chr16	74299669	77067190	172681207	2	761174.373389557	+	pericentric	2976800
chimpanzee	GCA_028858775.2	chr15	82386085	82396749	chr16	74431600	74441324	778290	1	17305.0	+	small	10664
chimpanzee	GCA_028858775.2	chr15	84351982	84354281	chr16	76307991	76310290	215486	1	19880.0	+	small	2299
chimpanzee	GCA_028858775.2	chr15	84354347	84355541	chr16	76306693	76307689	91287	1	17931.0	+	small	1194
chimpanzee	GCA_028858775.2	chr15	84355746	84356753	chr16	76305491	76306491	90192	1	16731.0	+	small	1007
chimpanzee	GCA_028858775.2	chr15	84356783	84361677	chr16	76300584	76305491	434418	1	13777.0	+	small	4894
chimpanzee	GCA_028858775.2	chr15	84370471	84373956	chr16	76993596	76996987	279667	1	7243.0	+	small	3485
chimpanzee	GCA_028858775.2	chr15	84406311	84415233	chr16	76978909	76987716	738794	1	19222.0	+	small	8922
chimpanzee	GCA_028858775.2	chr16	14768888	14770313	chr18	17676240	17677644	104641	1	333027.0	+	small	1425
chimpanzee	GCA_028858775.2	chr16	14820899	14837329	chr18	18359567	18378795	1455209	1	700617.0	+	small	16430
chimpanzee	GCA_028858775.2	chr16	16169821	30223437	chr18	31340342	36710363	126444983	2	264921.7472793311	+	pericentric	14053616
chimpanzee	GCA_028858775.2	chr16	16309816	16313719	chr18	4746345	4750202	357551	1	394340.0	+	small	3903
chimpanzee	GCA_028858775.2	chr16	21441988	21451975	chr18	32656363	32666377	910048	1	1150388.0	+	small	9987
chimpanzee	GCA_028858775.2	chr16	31949924	33662106	chr18	36046559	40662408	49552098	1	547004.7883992046	+	pericentric	1712182
chimpanzee	GCA_028858775.2	chr16	32310510	32316829	chr18	36918761	36925096	552212	1	627097.0	+	small	6319
chimpanzee	GCA_028858775.2	chr16	33288570	33290649	chr18	40364718	40366799	193537	1	2792478.0	+	small	2079
chimpanzee	GCA_028858775.2	chr16	33290652	33292787	chr18	40362575	40364718	198473	1	2790366.0	+	small	2135
chimpanzee	GCA_028858775.2	chr16	33342042	33343819	chr18	40368079	40369856	166259	1	2795687.0	+	small	1777
chimpanzee	GCA_028858775.2	chr16	33442590	33445949	chr18	40364718	40368079	308321	2	2757435.0	+	small	3359
chimpanzee	GCA_028858775.2	chr16	33445952	33448091	chr18	40362575	40364718	198336	1	2755323.0	+	small	2139
chimpanzee	GCA_028858775.2	chr16	33448346	33452870	chr18	40357806	40362328	415896	1	2751744.0	+	small	4524
chimpanzee	GCA_028858775.2	chr16	33453069	33489705	chr18	40320946	40357607	2967863	1	3633416.0	+	small	36636
chimpanzee	GCA_028858775.2	chr16	33507674	33523109	chr18	38528986	38544666	1321142	1	1358602.0	+	small	15435
chimpanzee	GCA_028858775.2	chr17	8027676	49543141	chr19	18542292	62681609	2996022197	2	1132726.1248375103	+	pericentric	41515465
chimpanzee	GCA_028858775.2	chr17	36184822	36198406	chr19	31519602	48950989	486693	2	1586357.0	+	small	13584
chimpanzee	GCA_028858775.2	chr17	36231788	36238102	chr19	73056028	73062691	512435	1	135944.0	+	small	6314
chimpanzee	GCA_028858775.2	chr19	36253983	37308087	chr20	39391960	40364623	86418454	1	178484.61010230333	+	pericentric	1054104
chimpanzee	GCA_028858775.2	chr2	130121627	131629183	chr13	30762253	32480457	111213031	1	295452.6461311355	+	pericentric	1507556
chimpanzee	GCA_028858775.2	chr20	28736197	30924122	chr21	35430688	36869655	22500334	1	787519.418971695	+	pericentric	2187925
chimpanzee	GCA_028858775.2	chr21	9048857	9050311	chr22	4372649	4374102	130310	1	3641818.0	+	small	1454
chimpanzee	GCA_028858775.2	chr21	9051223	9052745	chr22	4370212	4371735	135109	1	3639416.0	+	small	1522
chimpanzee	GCA_028858775.2	chr22	18403174	21555203	chr23	22683277	26687576	32604068	2	293290.1667543277	+	pericentric	3152029
chimpanzee	GCA_028858775.2	chr4	44809702	85037120	chr3	45084043	86433010	3333212100	1	8259234.577080019	+	pericentric	40227418
chimpanzee	GCA_028858775.2	chr5	18553213	96585722	chr4	19523282	94258122	6509035953	1	32278756.107590407	+	pericentric	78032509
chimpanzee	GCA_028858775.2	chr5	69782924	69789439	chr4	44847818	44852305	388711	1	114337.0	+	small	6515
chimpanzee	GCA_028858775.2	chr5	69822498	69828322	chr4	91496494	91506599	524016	2	1082.0	+	small	5824
chimpanzee	GCA_028858775.2	chr5	69828905	69837258	chr4	91485421	91495916	745313	1	16127.0	+	small	8353
chimpanzee	GCA_028858775.2	chr5	69837261	69838490	chr4	91484166	91485414	108230	1	22005.0	+	small	1229
chimpanzee	GCA_028858775.2	chr5	69844722	69846444	chr4	91476371	91478092	158342	1	29564.0	+	small	1722
chimpanzee	GCA_028858775.2	chr5	70699408	70702436	chr4	91497511	91500523	272135	1	6651.0	+	small	3028
chimpanzee	GCA_028858775.2	chr6	64494933	65697895	chr5	72366250	75476758	101849705	1	9030.161909490824	+	pericentric	1202962
chimpanzee	GCA_028858775.2	chr6	64495019	64654258	chr5	72187515	72350540	14410569	1	326100.0	+	small	159239
chimpanzee	GCA_028858775.2	chr7	56375141	65833166	chr6	61474221	68430975	56583974	1	3765420.29148002	+	pericentric	9458025
chimpanzee	GCA_028858775.2	chr7	71693975	77011518	chr6	75047103	84407225	301426632	1	1352412.5566948354	+	pericentric	5317543
chimpanzee	GCA_028858775.2	chr7	102367338	102377545	chr6	83189618	83199048	806964	1	2791197.0	+	small	10207
chimpanzee	GCA_028858775.2	chr7	102600538	102609655	chr6	80626231	80635357	804837	1	30748512.0	+	small	9117
chimpanzee	GCA_028858775.2	chr7	149930517	154121783	chr6	165028345	169206921	47203944	1	1500423.0	+	pericentric	4191266
chimpanzee	GCA_028858775.2	chr8	7064948	12668329	chr7	14073818	20971637	68931304	2	582220.8754949272	+	pericentric	5603381
chimpanzee	GCA_028858775.2	chr8	7081820	7133192	chr7	18326251	18384421	3823924	1	889892.0	+	small	51372
chimpanzee	GCA_028858775.2	chr8	7147367	8128184	chr7	18616375	20086103	27271465	8	270929.0	+	small	980817
chimpanzee	GCA_028858775.2	chr8	12607018	12608563	chr7	19231492	19233917	123286	1	161239.0	+	small	1545
chimpanzee	GCA_028858775.2	chr9	40560055	86239310	chr11	52262954	76658018	1821734357	3	2272846.769487068	-	pericentric	45679255
chimpanzee	GCA_028858775.2	chr9	61165252	61167608	chr11	76923678	76926040	216465	1	27667.0	-	small	2356
chimpanzee	GCA_028858775.2	chr9	62886365	62889608	chr11	55530919	55534166	285893	1	78826.0	-	small	3243
chimpanzee	GCA_028858775.2	chr9	62890487	62892481	chr11	55535031	55537027	176634	1	82313.0	-	small	1994
chimpanzee	GCA_028858775.2	chr9	62892487	62893635	chr11	55537036	55538187	100370	1	83895.0	-	small	1148
chimpanzee	GCA_028858775.2	chr9	62918001	62958373	chr11	55653215	55693468	3613575	1	14823.0	-	small	40372
chimpanzee	GCA_028858775.2	chr9	63048086	63057996	chr11	52660372	52676600	820038	1	145946.0	-	small	9910
chimpanzee	GCA_028858775.2	chrY	7578523	25982380	chrY	85137	31790623	436085789	3	559710.2573299371	-	pericentric	18403857
chimpanzee	GCA_028858775.2	chrY	8263008	8265643	chrY	16466336	16469066	176244	1	1319451.0	-	small	2635
chimpanzee	GCA_028858775.2	chrY	8301127	8313452	chrY	18917669	18929604	383485	1	8489.0	-	small	12325
chimpanzee	GCA_028858775.2	chrY	8373930	8377422	chrY	12022063	12025498	179012	1	6302160.0	-	small	3492
chimpanzee	GCA_028858775.2	chrY	8382037	8390995	chrY	5725116	11218427	384921	2	6295.0	-	small	8958
chimpanzee	GCA_028858775.2	chrY	18709029	18731995	chrY	14455985	14472381	669252	1	2189243.0	-	small	22966
chimpanzee	GCA_028858775.2	chrY	21492775	21505554	chrY	15417595	15430467	1059841	1	370723.0	-	small	12779
chimpanzee	GCA_028858775.2	chrY	21563890	21619103	chrY	11748683	11793871	813786	1	1015846.0	-	small	55213
chimpanzee	GCA_028858775.2	chrY	22412982	22420693	chrY	15422170	15429972	646110	1	596292.0	-	small	7711
chimpanzee	GCA_028858775.2	chrY	23908398	23912898	chrY	19582253	19590116	197455	1	822558.0	-	small	4500
chimpanzee	GCA_028858775.2	chrY	23947028	23948042	chrY	19619663	19620661	59572	1	814957.0	-	small	1014
chimpanzee	GCA_028858775.2	chrY	24063708	24065721	chrY	10729362	10731299	137139	1	1631258.0	-	small	2013
chimpanzee	GCA_028858775.2	chrY	25804380	25805526	chrY	10847589	10848730	75686	1	626678.0	-	small	1146
chimpanzee	GCA_028858775.2	chrY	25812322	25815055	chrY	10854344	10856734	162566	2	633378.0	-	small	2733
chimpanzee	GCA_028858775.2	chrY	25828135	25829818	chrY	10869447	10871161	114259	1	648823.0	-	small	1683
chimpanzee	GCA_028858775.2	chrY	25833611	25834827	chrY	10876165	10877326	71710	1	655264.0	-	small	1216
chimpanzee	GCA_028858775.2	chrY	25849576	25850608	chrY	10884724	10885748	69241	1	663755.0	-	small	1032
chimpanzee	GCA_028858775.2	chrY	25853309	25854719	chrY	10888512	10889949	94749	1	667749.0	-	small	1410
chimpanzee	GCA_028858775.2	chrY	25854743	25856917	chrY	10889949	10891237	66845	1	669112.0	-	small	2174
chimpanzee	GCA_028858775.2	chrY	25856929	25858365	chrY	10891249	10892687	91014	1	670487.0	-	small	1436
chimpanzee	GCA_028858775.2	chrY	25860820	25861909	chrY	10895280	10896405	76844	1	674361.0	-	small	1089
chimpanzee	GCA_028858775.2	chrY	26131993	26135942	chrY	12406372	15429356	495994	2	4672813.0	-	small	3949
bonobo	GCA_029289425.2	chr1	13004382	13056183	chr1	214365861	214782550	5229037	5	6640.0	-	small	51801
bonobo	GCA_029289425.2	chr1	13144875	13151323	chr1	213593670	214635119	1118518	2	79748.0	-	small	6448
bonobo	GCA_029289425.2	chr1	16673956	16675936	chr1	210266987	210268648	142429	1	133469.0	-	small	1980
bonobo	GCA_029289425.2	chr1	103670545	103713477	chr1	123301357	123383184	5140081	6	9912.0	-	small	42932
bonobo	GCA_029289425.2	chr1	113026119	120876880	chr1	101513022	117635600	648842343	1	1338599.267408505	-	pericentric	7850761
bonobo	GCA_029289425.2	chr1	120449238	120454002	chr1	105784455	105789267	411784	1	3079920.0	-	small	4764
bonobo	GCA_029289425.2	chr1	143285780	149562215	chr1	100835843	105804833	108437820	1	1787899.7621832043	-	pericentric	6276435
bonobo	GCA_029289425.2	chr1	144348890	144355348	chr1	100917349	100923771	536304	1	434777.0	-	small	6458
bonobo	GCA_029289425.2	chr1	148445009	148465378	chr1	104048939	104069367	1882574	1	3794788.0	-	small	20369
bonobo	GCA_029289425.2	chr1	148512823	148536785	chr1	112873571	112895988	1982310	1	4505759.0	-	small	23962
bonobo	GCA_029289425.2	chr1	148545094	148547621	chr1	101160828	102732048	309720	2	833995.0	-	small	2527
bonobo	GCA_029289425.2	chr1	148708071	148745798	chr1	112739575	112776685	3435616	1	4778268.0	-	small	37727
bonobo	GCA_029289425.2	chr10	38573338	42293246	chr8	51362560	54957037	52934155	1	447546.611419186	+	pericentric	3719908
bonobo	GCA_029289425.2	chr10	45713635	50155768	chr8	58544377	62401634	75841950	1	1277300.8056128249	+	pericentric	4442133
bonobo	GCA_029289425.2	chr11	89955138	89984436	chr9	51195528	51217108	1328126	1	20890.0	+	small	29298
bonobo	GCA_029289425.2	chr11	89984616	89993038	chr9	57033850	57042279	732969	1	5852636.0	+	small	8422
bonobo	GCA_029289425.2	chr12	20810401	68010902	chr10	26341468	75999371	3934734643	1	979950.5828992872	+	pericentric	47200501
bonobo	GCA_029289425.2	chr13	45382580	46466563	chr14	44905118	45995020	97225752	1	66351.81310661882	+	pericentric	1083983
bonobo	GCA_029289425.2	chr14	105975687	105981948	chr15	20743259	20748912	449127	1	25797.0	+	small	6261
bonobo	GCA_029289425.2	chr15	19966041	28717452	chr16	6731582	12950623	441213008	1	2246690.983296728	+	pericentric	8751411
bonobo	GCA_029289425.2	chr15	28399466	28418205	chr16	11696288	11714431	1261963	1	1108.0	+	small	18739
bonobo	GCA_029289425.2	chr15	32522241	32591719	chr16	5385992	5423021	3051727	1	10917.0	+	small	69478
bonobo	GCA_029289425.2	chr15	82312478	85271779	chr16	71573684	74822925	192397555	8	438282.2432644069	+	pericentric	2959301
bonobo	GCA_029289425.2	chr15	82384235	82396749	chr16	71707016	71722380	893779	1	20211.0	+	small	12514
bonobo	GCA_029289425.2	chr15	82405035	82410004	chr16	74140515	74147637	24058	1	562551.0	+	small	4969
bonobo	GCA_029289425.2	chr15	82492197	82493978	chr16	73391320	73393101	161279	1	1314417.0	+	small	1781
bonobo	GCA_029289425.2	chr15	82494041	82495369	chr16	73389924	73391252	118184	1	1316039.0	+	small	1328
bonobo	GCA_029289425.2	chr15	82495371	82496484	chr16	73388811	73389924	101110	1	1317260.0	+	small	1113
bonobo	GCA_029289425.2	chr15	82497788	82499001	chr16	73386300	73387514	110659	1	1319720.0	+	small	1213
bonobo	GCA_029289425.2	chr15	82499018	82500614	chr16	73384686	73386283	147867	1	1106207.0	+	small	1596
bonobo	GCA_029289425.2	chr15	84351741	84354281	chr16	73468858	73471397	235846	1	26133.0	+	small	2540
bonobo	GCA_029289425.2	chr15	84354290	84361677	chr16	73460957	73468111	641523	1	20540.0	+	small	7387
bonobo	GCA_029289425.2	chr15	84365901	84377997	chr16	71707158	71722008	1049396	1	105456.0	+	small	12096
bonobo	GCA_029289425.2	chr16	14749173	29627343	chr18	29743401	37551532	85258404	2	1007888.015411675	+	pericentric	14878170
bonobo	GCA_029289425.2	chr16	14771257	14781560	chr18	16096518	16181790	1034936	2	386762.0	+	small	10303
bonobo	GCA_029289425.2	chr16	14820899	14837329	chr18	16089671	16255451	2081634	3	1445096.0	+	small	16430
bonobo	GCA_029289425.2	chr16	15379743	15386942	chr18	23922387	23929586	621929	1	11821699.0	+	small	7199
bonobo	GCA_029289425.2	chr16	16231687	16237592	chr18	16090632	16170710	1044526	2	1269515.0	+	small	5905
bonobo	GCA_029289425.2	chr16	16238718	16266567	chr18	16061686	16163628	4761692	9	1275382.0	+	small	27849
bonobo	GCA_029289425.2	chr16	16309816	16313831	chr18	2634774	2638747	360911	1	395346.0	+	small	4015
bonobo	GCA_029289425.2	chr16	18307254	18309645	chr18	17194270	17196684	218659	1	1008138.0	+	small	2391
bonobo	GCA_029289425.2	chr16	18326023	18329473	chr18	17045331	17133967	512089	2	859289.0	+	small	3450
bonobo	GCA_029289425.2	chr16	18429453	18436488	chr18	17245695	17252726	643914	1	1094668.0	+	small	7035
bonobo	GCA_029289425.2	chr16	21828028	21830565	chr18	32372385	32374944	228350	1	1126174.0	+	small	2537
bonobo	GCA_029289425.2	chr16	22466075	22515198	chr18	23522694	23562453	2658949	1	79749.0	+	small	49123
bonobo	GCA_029289425.2	chr16	29060560	29071167	chr18	29846964	29857594	972844	1	2508525.0	+	small	10607
bonobo	GCA_029289425.2	chr16	32264433	32265506	chr18	39277236	39278309	98927	1	2876337.0	+	small	1073
bonobo	GCA_029289425.2	chr16	32265872	32268848	chr18	39273897	39276869	271513	1	2873948.0	+	small	2976
bonobo	GCA_029289425.2	chr16	32269468	32270559	chr18	39272509	39273277	69126	1	2871458.0	+	small	1091
bonobo	GCA_029289425.2	chr16	32270623	32284506	chr18	39209329	41570885	1858646	2	201281.0	+	small	13883
bonobo	GCA_029289425.2	chr16	33266586	33292863	chr18	39299950	49974402	2683692	5	739109.0	+	small	26277
bonobo	GCA_029289425.2	chr16	33321268	33335168	chr18	41554748	41570953	943034	1	1046797.0	+	small	13900
bonobo	GCA_029289425.2	chr16	33342042	33343819	chr18	49953780	49955557	166211	1	5449264.0	+	small	1777
bonobo	GCA_029289425.2	chr16	33453049	33460365	chr18	39287766	39295069	652337	1	693565.0	+	small	7316
bonobo	GCA_029289425.2	chr16	33476578	33490843	chr18	41553546	41570953	944713	1	255549.0	+	small	14265
bonobo	GCA_029289425.2	chr16	33507267	33523109	chr18	36154017	37032487	2596152	2	623279.0	+	small	15842
bonobo	GCA_029289425.2	chr17	8027676	49543141	chr19	15624521	65728489	2871778926	3	304963.81405188143	+	pericentric	41515465
bonobo	GCA_029289425.2	chr17	30586654	30615987	chr19	33452178	33512328	2906914	2	1047969.0	+	small	29333
bonobo	GCA_029289425.2	chr17	36163541	36181570	chr19	26796952	26815073	1633038	1	16642.0	+	small	18029
bonobo	GCA_029289425.2	chr17	36184822	36198406	chr19	28392414	56984116	882118	3	1594132.0	+	small	13584
bonobo	GCA_029289425.2	chr17	36222494	36228919	chr19	55598044	55605877	289222	1	2332917.0	+	small	6425
bonobo	GCA_029289425.2	chr2	121657734	151291372	chr13	23649425	53981423	2608766309	1	10490064.017899372	+	pericentric	29633638
bonobo	GCA_029289425.2	chr22	12694299	12696736	chr23	3055859	3058290	210979	1	1579370.0	+	small	2437
bonobo	GCA_029289425.2	chr22	18403174	21555203	chr23	30281703	34503898	33438556	2	296367.9294850826	+	pericentric	3152029
bonobo	GCA_029289425.2	chr4	44809702	85037120	chr3	45006188	83063343	3334413733	1	6856296.384609535	+	pericentric	40227418
bonobo	GCA_029289425.2	chr5	18553213	96585722	chr4	18795271	91833314	6511062752	1	33856024.20317222	+	pericentric	78032509
bonobo	GCA_029289425.2	chr5	69782924	69789439	chr4	44114774	44119241	384926	1	114161.0	+	small	6515
bonobo	GCA_029289425.2	chr5	69822498	69827379	chr4	89082661	89091834	439516	2	1063.0	+	small	4881
bonobo	GCA_029289425.2	chr5	69828905	69838490	chr4	89069379	89081138	855171	1	16746.0	+	small	9585
bonobo	GCA_029289425.2	chr5	69844722	69846444	chr4	89061569	89063292	157296	1	29574.0	+	small	1722
bonobo	GCA_029289425.2	chr5	70699408	70702440	chr4	89082725	89085743	270910	1	6647.0	+	small	3032
bonobo	GCA_029289425.2	chr6	65321824	65443737	chr5	81629823	81752035	10978292	1	718147.0	+	small	121913
bonobo	GCA_029289425.2	chr7	102367338	102377545	chr6	91653523	91662939	804985	1	2792689.0	+	small	10207
bonobo	GCA_029289425.2	chr7	102600538	102609655	chr6	88985397	88994500	791954	1	5089840.0	+	small	9117
bonobo	GCA_029289425.2	chr7	149930517	154121783	chr6	186459796	190595775	46905564	1	134760.0500643551	+	pericentric	4191266
bonobo	GCA_029289425.2	chr8	7081820	7133192	chr7	22468956	29431558	4740262	6	497558.0	+	small	51372
bonobo	GCA_029289425.2	chr8	7204570	7214630	chr7	23305145	23314849	761420	1	230599.0	+	small	10060
bonobo	GCA_029289425.2	chr8	7255941	7262183	chr7	24024127	24030367	565095	1	947849.0	+	small	6242
bonobo	GCA_029289425.2	chr8	7271197	7276036	chr7	24025515	24030359	440511	1	948539.0	+	small	4839
bonobo	GCA_029289425.2	chr8	7285049	7291280	chr7	24025515	24031773	561768	1	949246.0	+	small	6231
bonobo	GCA_029289425.2	chr8	7980560	12233828	chr7	22061557	23094176	10066959	1	59845.65044732019	+	pericentric	4253268
bonobo	GCA_029289425.2	chr8	12465675	12592243	chr7	24560384	24667303	6502500	1	1793429.0	+	small	126568
bonobo	GCA_029289425.2	chr8	12613757	12614946	chr7	24180716	24181906	105816	1	759012.0	+	small	1189
bonobo	GCA_029289425.2	chr8	12615794	12616806	chr7	24178821	24179834	86225	1	757028.0	+	small	1012
bonobo	GCA_029289425.2	chr8	12616813	12618948	chr7	24176646	24178810	184142	1	755429.0	+	small	2135
bonobo	GCA_029289425.2	chr8	12636340	12637595	chr7	24157524	24158784	107944	1	735855.0	+	small	1255
bonobo	GCA_029289425.2	chr9	61165252	61167608	chr11	85613098	85615453	217089	1	58640.0	-	small	2356
bonobo	GCA_029289425.2	chr9	62886063	62888295	chr11	57581083	57583317	196408	1	76479.0	-	small	2232
bonobo	GCA_029289425.2	chr9	62889911	62892768	chr11	57584933	57587797	253102	1	80644.0	-	small	2857
bonobo	GCA_029289425.2	chr9	62918001	62958373	chr11	57703646	57745439	3620190	1	15599.0	-	small	40372
bonobo	GCA_029289425.2	chr9	63365889	86239257	chr11	53248107	85344125	1724765973	1	11043635.827100389	-	pericentric	22873368
bonobo	GCA_029289425.2	chrX	120076000	120156064	chrX	119557396	119707614	7278280	1	39808.0	+	small	80064
bonobo	GCA_029289425.2	chrY	6267134	6268510	chrY	18202750	26897412	200186	2	952238.0	-	small	1376
bonobo	GCA_029289425.2	chrY	6272008	6277058	chrY	18651826	27335118	763058	2	1403164.0	-	small	5050
bonobo	GCA_029289425.2	chrY	8263008	8267369	chrY	9604445	18559224	489784	3	152559.0	-	small	4361
bonobo	GCA_029289425.2	chrY	8432889	8434166	chrY	16680337	16681582	68009	1	5850108.0	-	small	1277
bonobo	GCA_029289425.2	chrY	17455854	21908550	chrY	9884086	18562666	68703600	1	344431.4227181636	-	pericentric	4452696
bonobo	GCA_029289425.2	chrY	22414667	22420992	chrY	17514858	17521266	515344	1	594831.0	-	small	6325
bonobo	GCA_029289425.2	chrY	23534673	23538521	chrY	16423745	16427498	251107	1	720720.0	-	small	3848
bonobo	GCA_029289425.2	chrY	23947028	23948042	chrY	9816661	9817659	59797	1	762731.0	-	small	1014
bonobo	GCA_029289425.2	chrY	23963606	23964680	chrY	9834478	9835571	77631	1	713465.0	-	small	1074
gorilla	GCA_029281585.2	chr1	147461	176314	chr1	28818178	28847266	2495286	1	12184062.0	-	small	28853
gorilla	GCA_029281585.2	chr1	494897	498056	chr1	36040972	36044139	285215	1	5071000.0	-	small	3159
gorilla	GCA_029281585.2	chr1	747770	776657	chr1	28818178	28847207	2520282	1	16347401.0	-	small	28887
gorilla	GCA_029281585.2	chr1	12838487	13056356	chr1	226902061	227325845	9590122	2	77709.0	-	small	217869
gorilla	GCA_029281585.2	chr1	13060070	13065576	chr1	227628991	227634484	473806	1	124228.0	-	small	5506
gorilla	GCA_029281585.2	chr1	13144029	13151323	chr1	226881987	227233674	1753584	4	83769.0	-	small	7294
gorilla	GCA_029281585.2	chr1	16552882	16565260	chr1	115957307	117297035	1559946	2	8672964.0	-	small	12378
gorilla	GCA_029281585.2	chr1	16618961	16669033	chr1	222960310	223017953	1674169	1	73232.0	-	small	50072
gorilla	GCA_029281585.2	chr1	16671709	16675800	chr1	223041696	223045487	318290	1	18772.0	-	small	4091
gorilla	GCA_029281585.2	chr1	16731600	16736083	chr1	223166815	223364715	515405	2	86820.0	-	small	4483
gorilla	GCA_029281585.2	chr1	16736160	16743709	chr1	223281814	223295080	436076	1	162138.0	-	small	7549
gorilla	GCA_029281585.2	chr1	16849161	16856691	chr1	107326112	218495841	2931641	6	4604265.0	-	small	7530
gorilla	GCA_029281585.2	chr1	113098140	120876473	chr1	116748962	130412108	636242307	1	2908941.8021647036	-	pericentric	7778333
gorilla	GCA_029281585.2	chr1	120413398	120424745	chr1	115150813	115161375	796221	1	818253.0	-	small	11347
gorilla	GCA_029281585.2	chr1	120853752	120930791	chr1	114205421	129268267	9140878	2	992888.0	-	small	77039
gorilla	GCA_029281585.2	chr1	143631439	143643766	chr1	124338567	124348340	574535	1	16952478.0	-	small	12327
gorilla	GCA_029281585.2	chr1	143663084	143674465	chr1	114456232	114466608	743881	1	3020896.0	-	small	11381
gorilla	GCA_029281585.2	chr1	144581847	144609097	chr1	129240923	129268267	2340522	1	1059937.0	-	small	27250
gorilla	GCA_029281585.2	chr1	146129926	146132857	chr1	115977072	115980002	268523	1	722412.0	-	small	2931
gorilla	GCA_029281585.2	chr1	148098463	148105462	chr1	115963395	124452619	754245	2	1274530.0	-	small	6999
gorilla	GCA_029281585.2	chr1	148126666	148819149	chr1	124339839	125039030	19045920	3	110832.0	-	small	692483
gorilla	GCA_029281585.2	chr1	149437974	149561717	chr1	129371882	129960620	3522212	2	267784.0	-	small	123743
gorilla	GCA_029281585.2	chr1	149562351	149600175	chr1	116602640	129268267	5592516	2	992888.0	-	small	37824
gorilla	GCA_029281585.2	chr10	27347809	79364948	chr8	36381975	91761741	4163420900	1	11587991.86347738	+	pericentric	52017139
gorilla	GCA_029281585.2	chr10	46202669	46204846	chr8	65119921	65122080	190770	1	3866842.0	+	small	2177
gorilla	GCA_029281585.2	chr10	46273498	46275088	chr8	69228728	69230281	132352	1	288379.0	+	small	1590
gorilla	GCA_029281585.2	chr10	46278576	46280491	chr8	69224642	69225636	71637	1	292744.0	+	small	1915
gorilla	GCA_029281585.2	chr10	46281161	46282437	chr8	69222737	69224013	115069	1	294508.0	+	small	1276
gorilla	GCA_029281585.2	chr10	79680896	79682262	chr8	65137413	65138711	113402	1	5265968.0	+	small	1366
gorilla	GCA_029281585.2	chr10	79682263	79683739	chr8	65135933	65137413	134477	1	5264579.0	+	small	1476
gorilla	GCA_029281585.2	chr10	79684135	79685530	chr8	65134231	65135535	117649	1	5262789.0	+	small	1395
gorilla	GCA_029281585.2	chr10	79686291	79690869	chr8	65128878	65133470	417782	3	5257500.0	+	small	4578
gorilla	GCA_029281585.2	chr10	79691221	79694390	chr8	65125363	65128535	291140	1	5254855.0	+	small	3169
gorilla	GCA_029281585.2	chr10	79694392	79696139	chr8	65123608	65125363	158150	1	5252391.0	+	small	1747
gorilla	GCA_029281585.2	chr10	79696200	79697736	chr8	65122012	65123547	139654	1	5250685.0	+	small	1536
gorilla	GCA_029281585.2	chr10	79704062	79715206	chr8	65106487	65117630	1039427	1	5239964.0	+	small	11144
gorilla	GCA_029281585.2	chr11	4235685	4289106	chr9	10614434	10690839	4455001	3	3792.0	+	small	53421
gorilla	GCA_029281585.2	chr11	89923850	89930531	chr9	97697207	97843919	1086749	3	19554.0	+	small	6681
gorilla	GCA_029281585.2	chr11	89968404	89969547	chr9	54849962	54851274	97186	1	59200.0	+	small	1143
gorilla	GCA_029281585.2	chr12	9359701	9368054	chr10	19096265	19106310	463414	1	3457020.0	+	small	8353
gorilla	GCA_029281585.2	chr12	9382625	9408349	chr10	24953873	24977471	1859443	1	9321405.0	+	small	25724
gorilla	GCA_029281585.2	chr12	21110218	64902629	chr10	36488401	80175484	3581177000	1	17901967.386388257	+	pericentric	43792411
gorilla	GCA_029281585.2	chr13	45378096	64899149	chr14	30323782	60723994	123917883	1	5406243.89924743	+	pericentric	19521053
gorilla	GCA_029281585.2	chr14	18233269	45301010	chr15	11488061	37955336	2246114864	1	3044064.3630058244	+	pericentric	27067741
gorilla	GCA_029281585.2	chr15	20576611	20578915	chr16	24699372	24701656	176202	1	3791316.0	+	small	2304
gorilla	GCA_029281585.2	chr15	20579456	23339150	chr16	23424280	24557400	18219717	1	1129309.248914618	+	pericentric	2759694
gorilla	GCA_029281585.2	chr15	20782455	20783515	chr16	20692024	20693084	98966	1	2558192.0	+	small	1060
gorilla	GCA_029281585.2	chr15	20783608	21445344	chr16	20596844	21174514	5677231	1	351093.0	+	small	661736
gorilla	GCA_029281585.2	chr15	22443456	22451214	chr16	24683189	24690632	651927	1	3777712.0	+	small	7758
gorilla	GCA_029281585.2	chr15	23163787	23305014	chr16	29575938	29671794	1063874	1	3459137.0	+	small	141227
gorilla	GCA_029281585.2	chr15	28385083	28397573	chr16	29659831	29671794	877519	1	3415570.0	+	small	12490
gorilla	GCA_029281585.2	chr15	28412933	28427594	chr16	23505476	23514749	948517	3	87649.0	+	small	14661
gorilla	GCA_029281585.2	chr15	28513108	28526570	chr16	23548913	23562237	985915	1	115990.0	+	small	13462
gorilla	GCA_029281585.2	chr15	30529939	30531825	chr16	29728258	29730134	168133	1	3429564.0	+	small	1886
gorilla	GCA_029281585.2	chr15	30558669	30562663	chr16	29667787	29671794	334250	1	74959.0	+	small	3994
gorilla	GCA_029281585.2	chr15	32440976	32448951	chr16	31101788	31109870	679131	1	2119347.0	+	small	7975
gorilla	GCA_029281585.2	chr15	32457373	32466374	chr16	29605838	29614834	810921	1	1736521.0	+	small	9001
gorilla	GCA_029281585.2	chr15	84249234	84250276	chr16	86376831	86377850	88376	1	83207.0	+	small	1042
gorilla	GCA_029281585.2	chr15	84325500	84354281	chr16	85714082	86341823	5225073	2	138553.0	+	small	28781
gorilla	GCA_029281585.2	chr15	84356685	84359465	chr16	85708697	85711531	243881	1	457081.0	+	small	2780
gorilla	GCA_029281585.2	chr15	84433413	84440139	chr16	83996754	84003950	593295	1	55068.0	+	small	6726
gorilla	GCA_029281585.2	chr15	84462822	84463985	chr16	85862769	85863931	96538	1	150894.0	+	small	1163
gorilla	GCA_029281585.2	chr15	84465444	84467198	chr16	85855487	85857234	137452	1	143904.0	+	small	1754
gorilla	GCA_029281585.2	chr16	14887346	14893471	chr18	31248204	31251395	27696	1	2532427.0	+	small	6125
gorilla	GCA_029281585.2	chr16	15066317	15072287	chr18	21170888	31571308	1057849	2	5468283.0	+	small	5970
gorilla	GCA_029281585.2	chr16	21863420	21891703	chr18	22082055	22108778	1865814	1	944974.0	+	small	28283
gorilla	GCA_029281585.2	chr16	22429680	22436853	chr18	31563897	31571535	600686	1	9503512.0	+	small	7173
gorilla	GCA_029281585.2	chr16	22436880	22479527	chr18	35987179	36035194	3525110	1	14279897.0	+	small	42647
gorilla	GCA_029281585.2	chr16	29340008	29366481	chr18	35107040	35489020	4356031	2	14046369.0	+	small	26473
gorilla	GCA_029281585.2	chr16	30251609	30256465	chr18	22100627	22108778	400055	1	958986.0	+	small	4856
gorilla	GCA_029281585.2	chr16	31949924	34242420	chr18	64790423	69530119	68128656	1	798553.8341727257	+	pericentric	2292496
gorilla	GCA_029281585.2	chr16	32233333	32278028	chr18	65750039	67471736	3522024	3	736140.0	+	small	44695
gorilla	GCA_029281585.2	chr16	32310510	32312265	chr18	65200501	65202264	129457	1	2576838.0	+	small	1755
gorilla	GCA_029281585.2	chr16	32651728	33370486	chr18	66299710	75003610	28898055	11	123993.0	+	small	718758
gorilla	GCA_029281585.2	chr16	33443843	33446580	chr18	68564460	68567208	242342	1	785983.0	+	small	2737
gorilla	GCA_029281585.2	chr16	33446754	33451870	chr18	68559174	68564286	400705	1	781879.0	+	small	5116
gorilla	GCA_029281585.2	chr16	33476040	33484063	chr18	66810490	68535023	1418460	2	750634.0	+	small	8023
gorilla	GCA_029281585.2	chr16	33507368	33518544	chr18	65200501	65211789	923990	1	9502407.0	+	small	11176
gorilla	GCA_029281585.2	chr16	34691409	34724398	chr18	73845768	73880024	917945	1	116647.0	+	small	32989
gorilla	GCA_029281585.2	chr16	34737578	34738716	chr18	73845196	73845768	20845	1	93651.0	+	small	1138
gorilla	GCA_029281585.2	chr16	34774143	34779501	chr18	73891368	73896815	447546	1	45042.0	+	small	5358
gorilla	GCA_029281585.2	chr17	20461153	20464129	chr4	65459059	65461983	227382	1	14592810.0	-	small	2976
gorilla	GCA_029281585.2	chr17	20471356	20476123	chr4	60873963	60878703	380577	1	10008622.0	-	small	4767
gorilla	GCA_029281585.2	chr17	36229218	36233316	chr4	54910066	54914160	365446	1	1555686.0	-	small	4098
gorilla	GCA_029281585.2	chr17	36247799	36251495	chr4	54924474	54928168	321475	1	1541478.0	-	small	3696
gorilla	GCA_029281585.2	chr17	36251527	36266308	chr4	44676364	44691232	1310561	1	137622.0	-	small	14781
gorilla	GCA_029281585.2	chr17	36375419	36390224	chr4	44676364	44691229	1317548	1	10118620.0	-	small	14805
gorilla	GCA_029281585.2	chr17	36395749	37976011	chr4	54418327	54928168	2325776	1	54823.20855965465	-	pericentric	1580262
gorilla	GCA_029281585.2	chr17	36422649	36426468	chr4	54394072	54397889	332733	1	490526.0	-	small	3819
gorilla	GCA_029281585.2	chr17	37976043	37990844	chr4	44676364	44691232	1324751	1	4533.0	-	small	14801
gorilla	GCA_029281585.2	chr17	45512422	45516128	chr4	45715223	45718672	302041	1	271601.0	-	small	3706
gorilla	GCA_029281585.2	chr18	112549	14256155	chr17	36045123	50215491	1255804124	1	4793851.0	+	pericentric	14143606
gorilla	GCA_029281585.2	chr2	130068285	131631346	chr11	31606189	32856714	59078374	1	607499.6664523892	+	pericentric	1563061
gorilla	GCA_029281585.2	chr20	28736197	30924122	chr21	42642083	42980014	10026834	1	711918.6570180878	+	pericentric	2187925
gorilla	GCA_029281585.2	chr21	7394067	7402040	chr22	2497589	2505637	646103	1	15418.0	+	small	7973
gorilla	GCA_029281585.2	chr21	7551060	7692975	chr22	2539977	2675054	9135078	1	44598.0	+	small	141915
gorilla	GCA_029281585.2	chr21	13205430	13221054	chr22	29803187	29818526	1318419	1	12965.0	+	small	15624
gorilla	GCA_029281585.2	chr21	27894553	27909897	chr22	15482855	15498374	1321083	1	37281.0	+	small	15344
gorilla	GCA_029281585.2	chr22	18186686	20404144	chr23	16254366	22337474	19652281	1	658132.0066337474	+	pericentric	2217458
gorilla	GCA_029281585.2	chr22	18431730	18433515	chr23	3881461	3883236	157542	1	10243.0	+	small	1785
gorilla	GCA_029281585.2	chr22	18762761	18766447	chr23	20120028	20123617	264463	1	1323351.0	+	small	3686
gorilla	GCA_029281585.2	chr22	18766464	18772566	chr23	20149891	22211472	953733	2	118224.0	+	small	6102
gorilla	GCA_029281585.2	chr22	21199539	21221007	chr23	22150158	22171246	1702449	1	160591.0	+	small	21468
gorilla	GCA_029281585.2	chr3	75351538	75361556	chr2	136603622	136612605	695198	1	4734051.0	+	small	10018
gorilla	GCA_029281585.2	chr4	69232218	69271786	chr3	57643208	57679652	1186955	2	414343.0	+	small	39568
gorilla	GCA_029281585.2	chr4	69294024	69295083	chr3	57616981	57618038	82955	1	387931.0	+	small	1059
gorilla	GCA_029281585.2	chr4	69322548	69324965	chr3	57251994	57254386	197217	1	23612.0	+	small	2417
gorilla	GCA_029281585.2	chr4	69326758	69327967	chr3	57247506	57248716	105969	1	18533.0	+	small	1209
gorilla	GCA_029281585.2	chr4	69330221	69331655	chr3	57243820	57245256	124961	1	14960.0	+	small	1434
gorilla	GCA_029281585.2	chr4	69339475	69345921	chr3	57229485	57235948	511748	1	3138.0	+	small	6446
gorilla	GCA_029281585.2	chr4	69354077	69361532	chr3	57657098	57670632	543877	1	26190.0	+	small	7455
gorilla	GCA_029281585.2	chr5	176149494	177817202	chr4	182461824	182489214	524563	1	114191.76798385382	+	pericentric	1667708
gorilla	GCA_029281585.2	chr7	77066766	102366492	chr6	84275137	111715238	2242463206	1	11990104.903282672	+	pericentric	25299726
gorilla	GCA_029281585.2	chr7	102600538	102610052	chr6	85350673	85360148	843454	1	26819954.0	+	small	9514
gorilla	GCA_029281585.2	chr8	7066809	12714404	chr7	11423737	16852674	391929671	1	133652.8378210701	+	pericentric	5647595
gorilla	GCA_029281585.2	chr8	7081820	7141320	chr7	15829200	15896337	4140285	1	925693.0	+	small	59500
gorilla	GCA_029281585.2	chr8	8009815	8010839	chr7	16127486	16128212	59405	1	489889.0	+	small	1024
gorilla	GCA_029281585.2	chr8	8012179	8015645	chr7	16122675	16126139	315888	1	493331.0	+	small	3466
gorilla	GCA_029281585.2	chr8	8015805	8025364	chr7	16105315	16114867	727783	1	507647.0	+	small	9559
gorilla	GCA_029281585.2	chr8	31185596	84953755	chr7	35423213	90225449	4532597606	1	16761122.91958952	+	pericentric	53768159
gorilla	GCA_029281585.2	chr9	50236	67920555	chr13	17905539	64596569	3439898812	2	491415.8424581252	+	pericentric	67870319
gorilla	GCA_029281585.2	chr9	65796107	65838425	chr13	22949625	23003680	3354502	1	39510.0	+	small	42318
gorilla	GCA_029281585.2	chrX	3797040	3813169	chrX	12727272	12743590	1428479	1	424364.0	+	small	16129
gorilla	GCA_029281585.2	chrX	48349213	48359156	chrX	62790856	62801935	502837	1	50111.0	+	small	9943
gorilla	GCA_029281585.2	chrY	224109	25754840	chrY	6911363	44376011	463087118	3	21159.024435192347	-	pericentric	25530731
gorilla	GCA_029281585.2	chrY	6397521	6402566	chrY	15842702	15847788	380682	1	389891.0	-	small	5045
gorilla	GCA_029281585.2	chrY	7665029	7672818	chrY	35036432	35043626	424180	1	7323090.0	-	small	7789
gorilla	GCA_029281585.2	chrY	8301614	8498044	chrY	42453981	43192722	1342707	3	18575.0	-	small	196430
gorilla	GCA_029281585.2	chrY	17835790	17889082	chrY	17582711	17654316	1145985	1	126153.0	-	small	53292
gorilla	GCA_029281585.2	chrY	17971166	17983390	chrY	16858521	16870831	1030697	1	918489.0	-	small	12224
gorilla	GCA_029281585.2	chrY	17983792	17986762	chrY	16871233	16874198	232084	1	926528.0	-	small	2970
gorilla	GCA_029281585.2	chrY	17986938	17995205	chrY	16874374	16882629	624568	1	932314.0	-	small	8267
gorilla	GCA_029281585.2	chrY	18016920	18017962	chrY	41451912	41452920	60537	1	182152.0	-	small	1042
gorilla	GCA_029281585.2	chrY	18036839	18041126	chrY	25074014	25077196	193566	1	7476064.0	-	small	4287
gorilla	GCA_029281585.2	chrY	18455725	18511024	chrY	18536941	41403968	370825	2	752784.0	-	small	55299
gorilla	GCA_029281585.2	chrY	18557828	18559062	chrY	20442709	20443958	37458	1	457533.0	-	small	1234
gorilla	GCA_029281585.2	chrY	18638623	18639640	chrY	25356257	25357251	71497	1	5182715.0	-	small	1017
gorilla	GCA_029281585.2	chrY	18682212	18687202	chrY	20018613	20023232	302397	1	35122.0	-	small	4990
gorilla	GCA_029281585.2	chrY	18708918	18710351	chrY	20576668	20578108	97922	1	591588.0	-	small	1433
gorilla	GCA_029281585.2	chrY	18711206	18712215	chrY	20578985	20579996	75163	1	593690.0	-	small	1009
gorilla	GCA_029281585.2	chrY	18740876	18743553	chrY	24892482	24895170	193166	1	4908026.0	-	small	2677
gorilla	GCA_029281585.2	chrY	21865881	22615879	chrY	16707633	35043865	4247336	4	542825.0	-	small	749998
gorilla	GCA_029281585.2	chrY	23606917	23649970	chrY	20054069	24925520	2769942	4	2065305.0	-	small	43053
gorilla	GCA_029281585.2	chrY	23653393	23685766	chrY	20142871	20188156	663087	1	2173996.0	-	small	32373
gorilla	GCA_029281585.2	chrY	24035955	24039690	chrY	20297415	20301168	255829	1	4353030.0	-	small	3735
gorilla	GCA_029281585.2	chrY	25882523	25887789	chrY	25092119	25095869	48995	1	5751474.0	-	small	5266
gorilla	GCA_029281585.2	chrY	25935630	26196581	chrY	34998240	42375765	13481726	2	3595691.0	-	small	260951
Sumatran_orangutan	GCA_028885655.2	chr1	12925876	12929230	chr1	220799486	220802857	237710	1	1396.0	-	small	3354
Sumatran_orangutan	GCA_028885655.2	chr1	13082776	13094317	chr1	221038362	221050275	910696	1	44099.0	-	small	11541
Sumatran_orangutan	GCA_028885655.2	chr1	13144624	13151323	chr1	220442177	220529326	981664	2	89159.0	-	small	6699
Sumatran_orangutan	GCA_028885655.2	chr1	13299879	13301137	chr1	220832402	220833659	106090	1	402112.0	-	small	1258
Sumatran_orangutan	GCA_028885655.2	chr1	16523359	16527058	chr1	216735111	216773509	417432	2	148012.0	-	small	3699
Sumatran_orangutan	GCA_028885655.2	chr1	103687350	103696083	chr1	129298966	129307677	669569	1	7996.0	-	small	8733
Sumatran_orangutan	GCA_028885655.2	chr1	120404479	120405500	chr1	111162827	111163849	86542	1	1423275.0	-	small	1021
Sumatran_orangutan	GCA_028885655.2	chr1	144572469	149471561	chr1	109685126	112662012	45164023	1	1136129.9895928353	-	pericentric	4899092
Sumatran_orangutan	GCA_028885655.2	chr1	148162842	148231713	chr1	145452371	145538843	5488746	1	35654164.0	-	small	68871
Sumatran_orangutan	GCA_028885655.2	chr1	148236288	148240541	chr1	110125283	110129250	324395	1	285823.0	-	small	4253
Sumatran_orangutan	GCA_028885655.2	chr10	38106141	42993077	chr8	47991935	48744461	20396625	1	121212.64180773497	+	pericentric	4886936
Sumatran_orangutan	GCA_028885655.2	chr10	46108567	87422226	chr8	51881843	93694442	3098391118	2	2044774.5771936777	+	pericentric	41313659
Sumatran_orangutan	GCA_028885655.2	chr10	46134265	46142100	chr8	54000898	54008093	503446	1	1904719.0	+	small	7835
Sumatran_orangutan	GCA_028885655.2	chr10	46144063	46153451	chr8	74978680	74988278	750942	1	13569715.0	+	small	9388
Sumatran_orangutan	GCA_028885655.2	chr10	46202669	46204846	chr8	75002590	75005583	182992	1	13549108.0	+	small	2177
Sumatran_orangutan	GCA_028885655.2	chr10	46224032	46755113	chr8	53123304	54143501	39570220	1	1443944.0	+	small	531081
Sumatran_orangutan	GCA_028885655.2	chr10	79687258	79714751	chr8	74988440	75016054	2401067	1	13238310.0	+	small	27493
Sumatran_orangutan	GCA_028885655.2	chr11	3610068	71565611	chr9	3385273	73929487	4916989515	1	5525328.3556633	+	pericentric	67955543
Sumatran_orangutan	GCA_028885655.2	chr11	49025552	49034781	chr9	92540333	92550145	411830	1	166508.0	+	small	9229
Sumatran_orangutan	GCA_028885655.2	chr11	89800800	89807406	chr9	92653686	92660162	452997	1	20138.0	+	small	6606
Sumatran_orangutan	GCA_028885655.2	chr13	19203635	23904763	chr14	26326601	28307583	13225054	1	14178.83433637768	+	pericentric	4701128
Sumatran_orangutan	GCA_028885655.2	chr14	105975929	105981949	chr15	110517544	110523010	401064	1	72041.0	+	small	6020
Sumatran_orangutan	GCA_028885655.2	chr15	20480900	20500504	chr16	18727136	22754771	4609790	4	465290.0	+	small	19604
Sumatran_orangutan	GCA_028885655.2	chr15	20549507	20556933	chr16	21497299	22907456	1128142	2	871866.0	+	small	7426
Sumatran_orangutan	GCA_028885655.2	chr15	20556935	20558086	chr16	20732845	20733481	11585	1	104276.0	+	small	1151
Sumatran_orangutan	GCA_028885655.2	chr15	22423818	34507191	chr16	14483177	30825528	402556663	3	862396.9258555211	+	pericentric	12083373
Sumatran_orangutan	GCA_028885655.2	chr15	22526867	22533350	chr16	32690163	32696395	422983	1	1889402.0	+	small	6483
Sumatran_orangutan	GCA_028885655.2	chr15	22582840	22616521	chr16	24960988	32932384	2817730	2	1667186.0	+	small	33681
Sumatran_orangutan	GCA_028885655.2	chr15	23291623	23295047	chr16	20727083	20730489	276447	1	4989837.0	+	small	3424
Sumatran_orangutan	GCA_028885655.2	chr15	23375266	23377860	chr16	17776913	17779519	209351	1	666373.0	+	small	2594
Sumatran_orangutan	GCA_028885655.2	chr15	23410996	23427605	chr16	18855477	18871783	1244503	1	1751787.0	+	small	16609
Sumatran_orangutan	GCA_028885655.2	chr15	23427610	23432685	chr16	31049440	31054415	226443	1	1854971.0	+	small	5075
Sumatran_orangutan	GCA_028885655.2	chr15	28267650	28270178	chr16	22552077	22554615	205538	1	942798.0	+	small	2528
Sumatran_orangutan	GCA_028885655.2	chr15	28272723	28274181	chr16	22547860	22549321	118054	1	947554.0	+	small	1458
Sumatran_orangutan	GCA_028885655.2	chr15	28279711	28283152	chr16	22540315	22544054	243617	1	953960.0	+	small	3441
Sumatran_orangutan	GCA_028885655.2	chr15	28365794	28418642	chr16	17080702	21504207	6376657	4	1277986.0	+	small	52848
Sumatran_orangutan	GCA_028885655.2	chr15	28429216	28463175	chr16	23547604	23586024	2461008	1	4234.0	+	small	33959
Sumatran_orangutan	GCA_028885655.2	chr15	28463363	28485903	chr16	15727350	15749906	1639365	1	1091645.0	+	small	22540
Sumatran_orangutan	GCA_028885655.2	chr15	28537254	28538431	chr16	18466639	18467272	11323	1	95043.0	+	small	1177
Sumatran_orangutan	GCA_028885655.2	chr15	28595136	28614679	chr16	17876017	17895767	1617846	1	755683.0	+	small	19543
Sumatran_orangutan	GCA_028885655.2	chr15	28677175	28711089	chr16	32898606	32932351	2541186	1	1664350.0	+	small	33914
Sumatran_orangutan	GCA_028885655.2	chr15	30102568	30775214	chr16	20922024	35123106	23038571	4	729549.0	+	small	672646
Sumatran_orangutan	GCA_028885655.2	chr15	32440976	32454302	chr16	32898606	32911603	1039629	1	1717945.0	+	small	13326
Sumatran_orangutan	GCA_028885655.2	chr15	32460632	32480353	chr16	22314479	22335682	1551950	1	8112175.0	+	small	19721
Sumatran_orangutan	GCA_028885655.2	chr15	32571448	32588363	chr16	20922024	20940565	1330841	1	6718389.0	+	small	16915
Sumatran_orangutan	GCA_028885655.2	chr15	34409822	34565744	chr16	34990609	37389795	5574932	4	2487087.0	+	small	155922
Sumatran_orangutan	GCA_028885655.2	chr15	84325500	84354281	chr16	85738694	85775056	2019871	1	10798.0	+	small	28781
Sumatran_orangutan	GCA_028885655.2	chr15	84483752	84493006	chr16	85844101	85853574	767056	1	78211.0	+	small	9254
Sumatran_orangutan	GCA_028885655.2	chr16	14792791	14999358	chr18	13214565	13556710	3636410	1	725040.0	+	small	206567
Sumatran_orangutan	GCA_028885655.2	chr16	15038859	15088174	chr18	18128668	18177762	4233184	1	1477343.0	+	small	49315
Sumatran_orangutan	GCA_028885655.2	chr16	21558792	21797441	chr18	25643312	25887171	19675969	1	12504143.0	+	small	238649
Sumatran_orangutan	GCA_028885655.2	chr16	29376476	29377890	chr18	23942554	23943774	60467	1	2623848.0	+	small	1414
Sumatran_orangutan	GCA_028885655.2	chr16	29408172	29417451	chr18	24727854	34248714	1122661	2	3413901.0	+	small	9279
Sumatran_orangutan	GCA_028885655.2	chr16	29421027	29423862	chr18	21445793	21448646	240760	1	127903.0	+	small	2835
Sumatran_orangutan	GCA_028885655.2	chr16	29509950	29519247	chr18	24727854	34248714	1123260	2	3413901.0	+	small	9297
Sumatran_orangutan	GCA_028885655.2	chr16	29522746	29525611	chr18	21445793	21448646	243253	1	127903.0	+	small	2865
Sumatran_orangutan	GCA_028885655.2	chr16	33356433	33373001	chr18	35680255	44692115	2053860	2	148821.0	+	small	16568
Sumatran_orangutan	GCA_028885655.2	chr16	35180328	35182105	chr18	35146377	35148153	146738	1	359414.0	+	small	1777
Sumatran_orangutan	GCA_028885655.2	chr16	70076075	74328226	chr18	69441125	73832272	357630521	1	138769.83355385065	+	pericentric	4252151
Sumatran_orangutan	GCA_028885655.2	chr17	15812485	15817557	chr19	19360104	19369057	432647	1	185170.0	+	small	5072
Sumatran_orangutan	GCA_028885655.2	chr17	18515611	22712230	chr19	16796639	35422593	32221074	2	116658.85763068125	+	pericentric	4196619
Sumatran_orangutan	GCA_028885655.2	chr17	18522815	18528767	chr19	19600486	19606496	493787	1	8902.0	+	small	5952
Sumatran_orangutan	GCA_028885655.2	chr17	20417074	20421440	chr19	17830880	17835278	356279	1	852511.0	+	small	4366
Sumatran_orangutan	GCA_028885655.2	chr17	20421450	20432839	chr19	15986341	19618237	1856650	3	179680.0	+	small	11389
Sumatran_orangutan	GCA_028885655.2	chr17	20440770	20464126	chr19	41618936	41754054	1983537	3	25811374.0	+	small	23356
Sumatran_orangutan	GCA_028885655.2	chr17	20471355	20476123	chr19	46145004	46148863	332065	1	25721412.0	+	small	4768
Sumatran_orangutan	GCA_028885655.2	chr17	20703088	20707983	chr19	21966561	46160388	768653	2	4252839.0	+	small	4895
Sumatran_orangutan	GCA_028885655.2	chr17	20830933	21667024	chr19	30022552	31120414	9698622	1	7390493.0	+	small	836091
Sumatran_orangutan	GCA_028885655.2	chr17	32001238	32038900	chr19	46094700	46129228	1571670	1	4544160.0	+	small	37662
Sumatran_orangutan	GCA_028885655.2	chr17	32039474	32051496	chr19	42249117	42264158	987775	1	8399487.0	+	small	12022
Sumatran_orangutan	GCA_028885655.2	chr17	32087794	32096221	chr19	45754340	45762541	706099	1	4897684.0	+	small	8427
Sumatran_orangutan	GCA_028885655.2	chr17	36163760	38065603	chr19	50319444	53600457	125348285	1	197711.20938228816	+	pericentric	1901843
Sumatran_orangutan	GCA_028885655.2	chr17	36338329	36345258	chr19	54004271	54011198	604155	1	277334.0	+	small	6929
Sumatran_orangutan	GCA_028885655.2	chr17	36371691	36375286	chr19	50584854	51311924	884310	3	147915.0	+	small	3595
Sumatran_orangutan	GCA_028885655.2	chr17	36375419	36388579	chr19	52920678	52933888	1106866	1	2488546.0	+	small	13160
Sumatran_orangutan	GCA_028885655.2	chr17	38003876	38018475	chr19	53242099	53732174	2193642	2	63383.0	+	small	14599
Sumatran_orangutan	GCA_028885655.2	chr17	38018478	38025405	chr19	54004271	54011198	604677	1	414746.0	+	small	6927
Sumatran_orangutan	GCA_028885655.2	chr17	38070683	38120639	chr19	53509738	53550456	101880	1	64674.0	+	small	49956
Sumatran_orangutan	GCA_028885655.2	chr17	60004553	60019196	chr19	52920678	53602101	2455779	2	956289.0	+	small	14643
Sumatran_orangutan	GCA_028885655.2	chr2	113672162	131817002	chr11	16642137	34601638	1433552324	1	8753643.0	+	pericentric	18144840
Sumatran_orangutan	GCA_028885655.2	chr21	5586474	6831859	chr22	22858698	23612538	2822775	1	540336.9220632128	+	pericentric	1245385
Sumatran_orangutan	GCA_028885655.2	chr21	6630700	6635757	chr22	1036741	1041792	343946	1	44930.0	+	small	5057
Sumatran_orangutan	GCA_028885655.2	chr21	6638143	6639467	chr22	1033039	1034359	107646	1	39363.0	+	small	1324
Sumatran_orangutan	GCA_028885655.2	chr21	6639469	6641032	chr22	1031558	1033037	86691	1	37961.0	+	small	1563
Sumatran_orangutan	GCA_028885655.2	chr21	6645045	6646538	chr22	1025781	1027279	95060	1	32194.0	+	small	1493
Sumatran_orangutan	GCA_028885655.2	chr21	7558008	7692975	chr22	1023273	1146429	6761601	1	52993.0	+	small	134967
Sumatran_orangutan	GCA_028885655.2	chr22	10934047	12603582	chr23	709592	976070	2119462	1	21603.33711968281	+	pericentric	1669535
Sumatran_orangutan	GCA_028885655.2	chr22	18339759	23427494	chr23	25057858	29617767	254010031	1	2422346.9776868597	+	pericentric	5087735
Sumatran_orangutan	GCA_028885655.2	chr22	21348070	21355170	chr23	24993585	25005411	401388	1	73505.0	+	small	7100
Sumatran_orangutan	GCA_028885655.2	chr22	23570389	24660389	chr23	29372718	31103875	81282344	1	31622.056254867464	+	pericentric	1090000
Sumatran_orangutan	GCA_028885655.2	chr3	12551764	198129571	chr2	5179012	209261955	6885228099	1	88059631.18020783	-	pericentric	185577807
Sumatran_orangutan	GCA_028885655.2	chr4	68905218	69389377	chr3	89470066	90363003	4060705	1	188895.0	+	small	484159
Sumatran_orangutan	GCA_028885655.2	chr4	178896697	180198743	chr3	61539854	62910069	28149238	1	416609.5966395363	+	pericentric	1302046
Sumatran_orangutan	GCA_028885655.2	chr7	31011	159333390	chr6	15591	156946116	5595534739	4	2334918.591029074	-	pericentric	159302379
Sumatran_orangutan	GCA_028885655.2	chr7	57051668	57057564	chr6	16186427	16192328	388547	1	9266061.0	-	small	5896
Sumatran_orangutan	GCA_028885655.2	chr7	60940001	60982216	chr6	28853576	28878930	1212016	1	2037.0	-	small	42215
Sumatran_orangutan	GCA_028885655.2	chr7	65106624	65123047	chr6	28872021	32077381	1558197	2	6385008.0	-	small	16423
Sumatran_orangutan	GCA_028885655.2	chr7	65724647	65734409	chr6	28473861	28491909	612425	1	941048.0	-	small	9762
Sumatran_orangutan	GCA_028885655.2	chr7	76523814	76541799	chr6	13434769	13451171	1228788	1	161261.0	-	small	17985
Sumatran_orangutan	GCA_028885655.2	chr7	76628683	76630451	chr6	15224311	15226090	137240	1	81584.0	-	small	1768
Sumatran_orangutan	GCA_028885655.2	chr7	77050621	77054690	chr6	13442482	13446531	322455	1	1152411.0	-	small	4069
Sumatran_orangutan	GCA_028885655.2	chr7	77056418	77060852	chr6	13448245	13451171	233695	1	1157613.0	-	small	4434
Sumatran_orangutan	GCA_028885655.2	chr8	7193285	7213298	chr7	8712172	8732443	1387562	1	179910.0	+	small	20013
Sumatran_orangutan	GCA_028885655.2	chr8	8239611	12715269	chr7	7118441	14340560	341568558	1	552558.1935261637	+	pericentric	4475658
Sumatran_orangutan	GCA_028885655.2	chr9	50236	67920555	chr13	17260894	58754636	3336195623	1	13081324.584910292	+	pericentric	67870319
Sumatran_orangutan	GCA_028885655.2	chr9	63968445	64011925	chr13	58607706	58644624	3165509	1	26896015.0	+	small	43480
Sumatran_orangutan	GCA_028885655.2	chrX	52608246	52610737	chrX	52925285	52927770	202182	1	43268.0	+	small	2491
Sumatran_orangutan	GCA_028885655.2	chrX	135703267	135708578	chrX	141916937	141922082	356306	1	16224.0	+	small	5311
Sumatran_orangutan	GCA_028885655.2	chrX	141678506	141681004	chrX	147319968	147322438	208993	1	34513.0	+	small	2498
Sumatran_orangutan	GCA_028885655.2	chrY	8362936	8373805	chrY	13291129	15854024	730352	3	438398.0	+	small	10869
Sumatran_orangutan	GCA_028885655.2	chrY	10026003	10034300	chrY	12864091	12876732	207077	1	1455957.0	+	small	8297
Sumatran_orangutan	GCA_028885655.2	chrY	21944692	21953165	chrY	13565148	13579029	267578	2	2151627.0	+	small	8473
Sumatran_orangutan	GCA_028885655.2	chrY	22626378	22645598	chrY	12114800	12134033	578134	1	489614.0	+	small	19220
Sumatran_orangutan	GCA_028885655.2	chrY	22656527	22682603	chrY	12075003	15225396	1079238	2	454139.0	+	small	26076
Sumatran_orangutan	GCA_028885655.2	chrY	22683717	22684850	chrY	12066788	12067589	59314	1	432386.0	+	small	1133
Sumatran_orangutan	GCA_028885655.2	chrY	22689859	22693457	chrY	12058389	12061781	250410	1	425283.0	+	small	3598
Sumatran_orangutan	GCA_028885655.2	chrY	23063161	23073275	chrY	16166538	16177679	480435	1	3093389.0	+	small	10114
Sumatran_orangutan	GCA_028885655.2	chrY	23521572	23534673	chrY	13441818	13457310	742223	1	2157282.0	+	small	13101
Sumatran_orangutan	GCA_028885655.2	chrY	23554484	23562964	chrY	13565148	13579029	267624	2	1004460.0	+	small	8480
Sumatran_orangutan	GCA_028885655.2	chrY	24696906	24707019	chrY	16166538	16177679	480208	1	3026608.0	+	small	10113
Sumatran_orangutan	GCA_028885655.2	chrY	24849339	24855830	chrY	55102978	55109576	502415	1	15779.0	+	small	6491
Sumatran_orangutan	GCA_028885655.2	chrY	24951309	24954462	chrY	40231592	40234732	254697	1	14956202.0	+	small	3153
Sumatran_orangutan	GCA_028885655.2	chrY	24956346	24960622	chrY	40222842	40229707	309210	1	14963090.0	+	small	4276
Sumatran_orangutan	GCA_028885655.2	chrY	25016016	25018780	chrY	40165074	40167792	221756	1	10939854.0	+	small	2764
Sumatran_orangutan	GCA_028885655.2	chrY	25019050	25020492	chrY	40162956	40164802	115607	1	10942408.0	+	small	1442
Sumatran_orangutan	GCA_028885655.2	chrY	25097262	25123259	chrY	40062466	40088584	2035998	1	11030762.0	+	small	25997
Sumatran_orangutan	GCA_028885655.2	chrY	26131993	26135942	chrY	15218605	15224364	220843	1	1771920.0	+	small	3949
Bornean_orangutan	GCA_028885625.2	chr1	13144624	13151298	chr1	217728495	217735155	475659	1	89225.0	-	small	6674
Bornean_orangutan	GCA_028885625.2	chr1	13213442	13266801	chr1	218021816	218076733	1923554	1	187281.0	-	small	53359
Bornean_orangutan	GCA_028885625.2	chr1	13272559	13275912	chr1	218003638	218006975	228810	1	100821.0	-	small	3353
Bornean_orangutan	GCA_028885625.2	chr1	103687335	103690471	chr1	126238626	126241829	233152	1	50147.0	-	small	3136
Bornean_orangutan	GCA_028885625.2	chr1	103700413	103704716	chr1	126244885	126249197	345311	1	44236.0	-	small	4303
Bornean_orangutan	GCA_028885625.2	chr1	120404406	120405500	chr1	108174013	108175108	93292	1	1414200.0	-	small	1094
Bornean_orangutan	GCA_028885625.2	chr1	144572469	149471561	chr1	106705046	109678793	45254688	1	1135899.37970905	-	pericentric	4899092
Bornean_orangutan	GCA_028885625.2	chr1	148162842	148231713	chr1	142574941	142661454	5490889	1	35754661.0	-	small	68871
Bornean_orangutan	GCA_028885625.2	chr1	148236288	148240541	chr1	107145101	107149070	324519	1	283549.0	-	small	4253
Bornean_orangutan	GCA_028885625.2	chr10	26661679	26678002	chr8	27247867	27324458	2279396	5	396135.0	+	small	16323
Bornean_orangutan	GCA_028885625.2	chr10	38106141	42993077	chr8	46153944	46900601	20448114	1	119124.7336589992	+	pericentric	4886936
Bornean_orangutan	GCA_028885625.2	chr10	46108567	87376959	chr8	50005616	92033970	3096579994	2	1987372.1022337824	+	pericentric	41268392
Bornean_orangutan	GCA_028885625.2	chr10	46134265	46142100	chr8	52304141	52311305	502236	1	2076275.0	+	small	7835
Bornean_orangutan	GCA_028885625.2	chr10	46144063	46153451	chr8	55189217	73331440	1259122	2	4963397.0	+	small	9388
Bornean_orangutan	GCA_028885625.2	chr10	46202669	46204846	chr8	73345705	73348704	181773	1	13554926.0	+	small	2177
Bornean_orangutan	GCA_028885625.2	chr10	46211532	46236578	chr8	54959683	54981327	878750	1	5195594.0	+	small	25046
Bornean_orangutan	GCA_028885625.2	chr10	79687258	79714751	chr8	73331601	73359161	2404725	1	13234909.0	+	small	27493
Bornean_orangutan	GCA_028885625.2	chr10	87216769	87236393	chr8	55204239	55223839	1717713	1	35319.0	+	small	19624
Bornean_orangutan	GCA_028885625.2	chr11	48974964	48984250	chr9	90969029	90978621	370353	1	77830.0	+	small	9286
Bornean_orangutan	GCA_028885625.2	chr11	89800800	89807406	chr9	91190974	91197453	453491	1	4652.0	+	small	6606
Bornean_orangutan	GCA_028885625.2	chr13	19338734	24249957	chr14	30548397	32277609	49128111	2	126641.6139079146	+	pericentric	4911223
Bornean_orangutan	GCA_028885625.2	chr14	18591379	19799292	chr15	16471013	17323594	7103807	1	311623.71426434256	+	pericentric	1207913
Bornean_orangutan	GCA_028885625.2	chr14	105975929	105981949	chr15	105162489	105167954	400969	1	72030.0	+	small	6020
Bornean_orangutan	GCA_028885625.2	chr15	20467087	20476816	chr16	23968128	26494774	891854	2	3568076.0	+	small	9729
Bornean_orangutan	GCA_028885625.2	chr15	20480900	20512940	chr16	21592917	24821037	6259258	13	1207545.0	+	small	32040
Bornean_orangutan	GCA_028885625.2	chr15	20549507	20556933	chr16	23312781	24973398	1131431	2	2910603.0	+	small	7426
Bornean_orangutan	GCA_028885625.2	chr15	20556935	20558086	chr16	26522590	26523225	11586	1	6117272.0	+	small	1151
Bornean_orangutan	GCA_028885625.2	chr15	22423818	28862098	chr16	26269153	32696190	390214032	1	686868.9728153497	+	pericentric	6438280
Bornean_orangutan	GCA_028885625.2	chr15	22524223	22525540	chr16	25777682	25779122	84017	1	967243.0	+	small	1317
Bornean_orangutan	GCA_028885625.2	chr15	22526867	22533350	chr16	34527555	34533776	423782	1	2112235.0	+	small	6483
Bornean_orangutan	GCA_028885625.2	chr15	22582840	22616521	chr16	27237391	34769420	2817422	2	531831.0	+	small	33681
Bornean_orangutan	GCA_028885625.2	chr15	23291623	23302131	chr16	26506224	26520234	433067	1	1910351.0	+	small	10508
Bornean_orangutan	GCA_028885625.2	chr15	28296889	28301635	chr16	23163230	24821037	1074112	4	266552.0	+	small	4746
Bornean_orangutan	GCA_028885625.2	chr15	28302527	28312343	chr16	23155000	24815274	1924944	3	259545.0	+	small	9816
Bornean_orangutan	GCA_028885625.2	chr15	28312642	28314117	chr16	24138506	24806564	213380	2	1240008.0	+	small	1475
Bornean_orangutan	GCA_028885625.2	chr15	28365794	28418642	chr16	23220792	26523225	1610085	2	371195.0	+	small	52848
Bornean_orangutan	GCA_028885625.2	chr15	28463363	28488118	chr16	25457421	25487762	1616945	1	4236.0	+	small	24755
Bornean_orangutan	GCA_028885625.2	chr15	28537254	28538431	chr16	22874124	22874756	11324	1	912899.0	+	small	1177
Bornean_orangutan	GCA_028885625.2	chr15	28582709	28656164	chr16	22902518	26269005	3486305	4	1218873.0	+	small	73455
Bornean_orangutan	GCA_028885625.2	chr15	28677175	28711089	chr16	34735628	34769387	2541495	1	1661576.0	+	small	33914
Bornean_orangutan	GCA_028885625.2	chr15	30399618	30412928	chr16	34735628	34748636	1040011	1	1674835.0	+	small	13310
Bornean_orangutan	GCA_028885625.2	chr15	30529939	30550239	chr16	26696450	36428035	2857073	2	1174919.0	+	small	20300
Bornean_orangutan	GCA_028885625.2	chr15	32522241	32558517	chr16	22926229	24036691	5747890	2	2312137.0	+	small	36276
Bornean_orangutan	GCA_028885625.2	chr15	32571448	32588456	chr16	26696450	26715069	1337594	1	252969.0	+	small	17008
Bornean_orangutan	GCA_028885625.2	chr15	34409822	34419207	chr16	36517353	39479729	1228508	2	14287575.0	+	small	9385
Bornean_orangutan	GCA_028885625.2	chr15	34419803	34472558	chr16	36842727	37307342	7210038	3	10419248.0	+	small	52755
Bornean_orangutan	GCA_028885625.2	chr15	84325500	84354281	chr16	88307789	88344165	2020053	1	10803.0	+	small	28781
Bornean_orangutan	GCA_028885625.2	chr15	84483752	84493006	chr16	88413248	88422738	763844	1	78258.0	+	small	9254
Bornean_orangutan	GCA_028885625.2	chr16	14792791	14999358	chr18	13644155	13986443	3641337	1	722827.0	+	small	206567
Bornean_orangutan	GCA_028885625.2	chr16	21558792	21797441	chr18	25183364	25427068	19684701	1	11614557.0	+	small	238649
Bornean_orangutan	GCA_028885625.2	chr16	29376476	29377888	chr18	23451517	23452733	60954	1	2636570.0	+	small	1412
Bornean_orangutan	GCA_028885625.2	chr16	29408172	29417451	chr18	24269372	33785441	1127341	2	3459190.0	+	small	9279
Bornean_orangutan	GCA_028885625.2	chr16	29421027	29423862	chr18	20942074	20944906	240392	1	127935.0	+	small	2835
Bornean_orangutan	GCA_028885625.2	chr16	29509950	29519247	chr18	24269372	33785441	1129786	2	3459190.0	+	small	9297
Bornean_orangutan	GCA_028885625.2	chr16	29522746	29525611	chr18	20942074	20944906	242641	1	127935.0	+	small	2865
Bornean_orangutan	GCA_028885625.2	chr16	70076075	74328226	chr18	67314438	71700341	357527168	1	142403.78343905509	+	pericentric	4252151
Bornean_orangutan	GCA_028885625.2	chr17	15812485	15817557	chr19	19317632	19326584	432567	1	185269.0	+	small	5072
Bornean_orangutan	GCA_028885625.2	chr17	18515611	21641756	chr19	16769163	17786856	1629897	1	212861.1578923501	+	pericentric	3126145
Bornean_orangutan	GCA_028885625.2	chr17	20416846	20421440	chr19	16242985	17795486	734094	2	458637.0	+	small	4594
Bornean_orangutan	GCA_028885625.2	chr17	20421450	20432839	chr19	15960399	17511546	1203070	2	177322.0	+	small	11389
Bornean_orangutan	GCA_028885625.2	chr17	20703088	20707983	chr19	21944643	48098396	676793	2	5833329.0	+	small	4895
Bornean_orangutan	GCA_028885625.2	chr17	20830915	20862355	chr19	24592442	26384273	4390231	2	2883885.0	+	small	31440
Bornean_orangutan	GCA_028885625.2	chr17	20863981	20868205	chr19	25533038	25537291	332073	1	3508743.0	+	small	4224
Bornean_orangutan	GCA_028885625.2	chr17	21659763	21667024	chr19	24423132	30305006	1212409	2	534383.0	+	small	7261
Bornean_orangutan	GCA_028885625.2	chr17	32001238	32038900	chr19	48034227	48068376	1570401	1	4554097.0	+	small	37662
Bornean_orangutan	GCA_028885625.2	chr17	32039484	32051496	chr19	44181329	44195766	987895	1	8416851.0	+	small	12012
Bornean_orangutan	GCA_028885625.2	chr17	32087794	32096221	chr19	47695915	47704265	714105	1	4905308.0	+	small	8427
Bornean_orangutan	GCA_028885625.2	chr17	36163760	38156886	chr19	52269792	56551990	143222390	3	442980.5123418346	+	pericentric	1993126
Bornean_orangutan	GCA_028885625.2	chr17	36251527	36264669	chr19	56407413	56420622	1093828	1	1047522.0	+	small	13142
Bornean_orangutan	GCA_028885625.2	chr17	36271340	36273583	chr19	55495236	55497139	24779	1	129692.0	+	small	2243
Bornean_orangutan	GCA_028885625.2	chr17	36338329	36345258	chr19	56824219	56831138	604296	1	1461183.0	+	small	6929
Bornean_orangutan	GCA_028885625.2	chr17	36400528	36401577	chr19	55495767	55496808	89106	1	697758.0	+	small	1049
Bornean_orangutan	GCA_028885625.2	chr17	36446664	36449217	chr19	55546913	56063043	372585	2	6024.0	+	small	2553
Bornean_orangutan	GCA_028885625.2	chr17	37938941	37945867	chr19	56824219	56831138	604140	1	1618334.0	+	small	6926
Bornean_orangutan	GCA_028885625.2	chr17	38003876	38014902	chr19	56190058	56551990	1872048	2	664355.0	+	small	11026
Bornean_orangutan	GCA_028885625.2	chr17	38016566	38018475	chr19	56185984	56187894	161266	1	655940.0	+	small	1909
Bornean_orangutan	GCA_028885625.2	chr17	38018478	38025405	chr19	56824219	56831138	604818	1	412932.0	+	small	6927
Bornean_orangutan	GCA_028885625.2	chr17	38025879	38032921	chr19	56159638	56166639	332948	1	251608.0	+	small	7042
Bornean_orangutan	GCA_028885625.2	chr17	60004553	60019196	chr19	54844579	55373825	2477827	2	944892.0	+	small	14643
Bornean_orangutan	GCA_028885625.2	chr17	60049792	60079400	chr19	16155210	19806652	4890947	2	226765.0	+	small	29608
Bornean_orangutan	GCA_028885625.2	chr17	62220190	62227719	chr19	55643778	55652355	625877	1	57615.0	+	small	7529
Bornean_orangutan	GCA_028885625.2	chr17	62229916	62231064	chr19	55640771	55641912	99066	1	1793056.0	+	small	1148
Bornean_orangutan	GCA_028885625.2	chr17	62232166	62238295	chr19	55633965	55639714	385936	1	1797558.0	+	small	6129
Bornean_orangutan	GCA_028885625.2	chr17	62240833	62243658	chr19	55628519	55631343	232415	1	1804466.0	+	small	2825
Bornean_orangutan	GCA_028885625.2	chr17	62243744	62245285	chr19	55626900	55628432	128295	1	1806731.0	+	small	1541
Bornean_orangutan	GCA_028885625.2	chr17	62252110	62273149	chr19	52269294	52290224	1789819	1	4382688.0	+	small	21039
Bornean_orangutan	GCA_028885625.2	chr18	112549	14542859	chr17	19946298	35319186	1072342930	1	23197.162970926613	+	pericentric	14430310
Bornean_orangutan	GCA_028885625.2	chr2	113672162	131817002	chr11	13644669	31613512	1433307441	1	8726728.0	+	pericentric	18144840
Bornean_orangutan	GCA_028885625.2	chr21	5586474	6831859	chr22	25496540	26267200	2826483	1	560394.2651588097	+	pericentric	1245385
Bornean_orangutan	GCA_028885625.2	chr21	6630700	6635757	chr22	1730885	1735916	349320	1	35731.0	+	small	5057
Bornean_orangutan	GCA_028885625.2	chr21	6638336	6639467	chr22	1727184	1728312	90165	1	30079.0	+	small	1131
Bornean_orangutan	GCA_028885625.2	chr21	6645045	6646538	chr22	1720218	1721710	93961	1	23295.0	+	small	1493
Bornean_orangutan	GCA_028885625.2	chr21	7564917	7692975	chr22	1716959	1837745	6257857	1	37266.0	+	small	128058
Bornean_orangutan	GCA_028885625.2	chr22	21348070	21355170	chr23	28910816	28922587	400899	1	73979.0	+	small	7100
Bornean_orangutan	GCA_028885625.2	chr22	23570394	24660389	chr23	33876481	35556045	82769689	1	49469.79173222929	+	pericentric	1089995
Bornean_orangutan	GCA_028885625.2	chr3	15146424	99016218	chr2	9138	138866549	6678613148	1	12589514.0	+	pericentric	83869794
Bornean_orangutan	GCA_028885625.2	chr4	68905218	69389377	chr3	80502499	81397085	4059698	1	188913.0	+	small	484159
Bornean_orangutan	GCA_028885625.2	chr4	178896697	180198743	chr3	62655723	64016878	28722747	1	458424.0	+	pericentric	1302046
Bornean_orangutan	GCA_028885625.2	chr7	31011	159333390	chr6	15668	158512523	5616817619	3	1259288.2770468555	-	pericentric	159302379
Bornean_orangutan	GCA_028885625.2	chr7	45791210	45801018	chr6	25939499	25947192	628535	1	15450359.0	-	small	9808
Bornean_orangutan	GCA_028885625.2	chr7	56878544	56879704	chr6	22551781	22552946	94859	1	3714902.0	-	small	1160
Bornean_orangutan	GCA_028885625.2	chr7	57051668	57057564	chr6	15714474	15720387	390950	1	9526595.0	-	small	5896
Bornean_orangutan	GCA_028885625.2	chr7	57102446	57105490	chr6	27997588	28001300	200098	1	478995.0	-	small	3044
Bornean_orangutan	GCA_028885625.2	chr7	63417896	63473990	chr6	25214897	25255129	2589182	1	0.0	-	small	56094
Bornean_orangutan	GCA_028885625.2	chr7	65106624	65123047	chr6	30374578	33600479	1560661	2	8265384.0	-	small	16423
Bornean_orangutan	GCA_028885625.2	chr7	76523814	76541799	chr6	12950076	12966460	1231036	1	161101.0	-	small	17985
Bornean_orangutan	GCA_028885625.2	chr7	76628493	76630451	chr6	14738595	14740565	154334	1	87162.0	-	small	1958
Bornean_orangutan	GCA_028885625.2	chr7	77050877	77054690	chr6	12958044	12961835	301506	1	1154848.0	-	small	3813
Bornean_orangutan	GCA_028885625.2	chr7	77056418	77060852	chr6	12963543	12966460	234533	1	1159910.0	-	small	4434
Bornean_orangutan	GCA_028885625.2	chr8	8239611	12715269	chr7	7115338	12605587	339438143	1	399151.0779753104	+	pericentric	4475658
Bornean_orangutan	GCA_028885625.2	chr9	42675780	42679992	chr13	17833202	17837343	360477	1	130975.0	+	small	4212
Bornean_orangutan	GCA_028885625.2	chr9	60866569	62528267	chr13	17790849	17846195	2435672	1	599663.5120277517	+	pericentric	1661698
Bornean_orangutan	GCA_028885625.2	chr9	63968445	64011925	chr13	57828566	57865512	3169371	1	26990494.0	+	small	43480
Bornean_orangutan	GCA_028885625.2	chrX	48290925	48292408	chrX	49229327	49230791	100915	1	12298.0	+	small	1483
Bornean_orangutan	GCA_028885625.2	chrX	52608246	52610737	chrX	53285771	53288265	200263	1	43590.0	+	small	2491
Bornean_orangutan	GCA_028885625.2	chrX	135703267	135708578	chrX	140335631	140340763	354594	1	16196.0	+	small	5311
Bornean_orangutan	GCA_028885625.2	chrX	141678506	141681004	chrX	145725162	145727632	208993	1	34522.0	+	small	2498
Bornean_orangutan	GCA_028885625.2	chrY	8362936	8373805	chrY	13140575	16140189	730108	3	410052.0	+	small	10869
Bornean_orangutan	GCA_028885625.2	chrY	10026003	10034300	chrY	12741897	12754537	207087	1	1461624.0	+	small	8297
Bornean_orangutan	GCA_028885625.2	chrY	21944692	21953165	chrY	13409749	13423629	268561	2	2124109.0	+	small	8473
Bornean_orangutan	GCA_028885625.2	chrY	22626378	22645598	chrY	11992726	12011957	579008	1	489342.0	+	small	19220
Bornean_orangutan	GCA_028885625.2	chrY	22656527	22682603	chrY	11952910	15412895	1078542	2	453850.0	+	small	26076
Bornean_orangutan	GCA_028885625.2	chrY	22683717	22684850	chrY	11944694	11945495	59183	1	432095.0	+	small	1133
Bornean_orangutan	GCA_028885625.2	chrY	22689859	22693457	chrY	11936295	11939687	250410	1	424992.0	+	small	3598
Bornean_orangutan	GCA_028885625.2	chrY	23014779	23020348	chrY	34067866	34073909	411188	1	1388027.0	+	small	5569
Bornean_orangutan	GCA_028885625.2	chrY	23063161	23073275	chrY	16451099	26427120	881403	3	3514331.0	+	small	10114
Bornean_orangutan	GCA_028885625.2	chrY	23076212	23080276	chrY	26410412	26417216	309318	1	7395400.0	+	small	4064
Bornean_orangutan	GCA_028885625.2	chrY	23082993	23085034	chrY	26405683	26407704	165216	1	7402521.0	+	small	2041
Bornean_orangutan	GCA_028885625.2	chrY	23103810	23132853	chrY	26357929	26387897	2347409	1	1591206.0	+	small	29043
Bornean_orangutan	GCA_028885625.2	chrY	23202758	23210329	chrY	33871709	33879464	629589	1	5911467.0	+	small	7571
Bornean_orangutan	GCA_028885625.2	chrY	23302293	23306315	chrY	26203547	33803844	556431	3	8760436.0	+	small	4022
Bornean_orangutan	GCA_028885625.2	chrY	23307035	23308086	chrY	33798108	33799157	92717	1	8763997.0	+	small	1051
Bornean_orangutan	GCA_028885625.2	chrY	24448480	25123259	chrY	16457576	42835793	22870692	3	293877.0	+	small	674779
Bornean_orangutan	GCA_028885625.2	chrY	26131993	26135942	chrY	15406096	15411863	219721	1	2114784.0	+	small	3949
siamang	GCA_028878055.2	chr1	103677789	103710284	chr19	57089770	57124862	1223653	1	2331.0	+	small	32495
siamang	GCA_028878055.2	chr1	120347467	149471561	chr19	72724961	77794810	86675877	2	129837.96586722136	+	pericentric	29124094
siamang	GCA_028878055.2	chr1	144409769	144411964	chr19	75492587	75494734	176511	1	466886.0	+	small	2195
siamang	GCA_028878055.2	chr1	149111067	149112214	chr19	75142418	75143565	91925	1	298944.0	+	small	1147
siamang	GCA_028878055.2	chr1	149113073	149114171	chr19	75139577	75140679	92988	1	301807.0	+	small	1098
siamang	GCA_028878055.2	chr10	36587066	42657389	chr4	79151682	82582785	39993063	1	1518323.37415801	+	pericentric	6070323
siamang	GCA_028878055.2	chr10	46269885	46271382	chr4	83456717	83458215	125314	1	2619205.0	+	small	1497
siamang	GCA_028878055.2	chr10	46273741	46274800	chr4	83453802	83454863	89229	1	2622339.0	+	small	1059
siamang	GCA_028878055.2	chr10	50711504	50741165	chr4	86106690	86842822	2722190	4	45086.0	+	small	29661
siamang	GCA_028878055.2	chr10	79838790	79841248	chr4	44720638	44723065	200633	1	18861133.0	+	small	2458
siamang	GCA_028878055.2	chr10	79841797	79849057	chr4	44712584	44719789	618458	1	18855468.0	+	small	7260
siamang	GCA_028878055.2	chr11	71913385	97215203	chr6	52420878	83450049	2037650223	1	1785695.3562985065	-	pericentric	25301818
siamang	GCA_028878055.2	chr11	89795910	89839425	chr6	75572269	75609142	2315624	1	244493.0	-	small	43515
siamang	GCA_028878055.2	chr11	89841781	89848412	chr6	74528771	75022370	949515	2	44587.0	-	small	6631
siamang	GCA_028878055.2	chr11	89851482	89891721	chr6	75621145	75690555	850869	1	179348.0	-	small	40239
siamang	GCA_028878055.2	chr11	89996090	90002723	chr6	75577157	75583884	455235	1	453187.0	-	small	6633
siamang	GCA_028878055.2	chr11	90018516	90027010	chr6	74440633	74447107	520488	1	754474.0	-	small	8494
siamang	GCA_028878055.2	chr13	24563992	24571125	chr15	74398505	74404049	411799	1	1709277.0	-	small	7133
siamang	GCA_028878055.2	chr13	24965997	52326287	chr15	69215241	90094513	995776726	1	7337746.904034331	-	pericentric	27360290
siamang	GCA_028878055.2	chr15	22453983	41880052	chr5	49093204	66855740	1136087527	2	865990.757800281	-	pericentric	19426069
siamang	GCA_028878055.2	chr15	32481257	32495388	chr5	49181602	57247125	1887133	2	187697.0	-	small	14131
siamang	GCA_028878055.2	chr15	84483752	84489695	chr5	27974295	27980050	341534	1	2969941.0	-	small	5943
siamang	GCA_028878055.2	chr15	84518071	84519190	chr5	30942410	30943532	79827	1	4142.0	-	small	1119
siamang	GCA_028878055.2	chr16	31861268	35408548	chr11	50364511	50922287	9346075	1	23457.396007806063	-	pericentric	3547280
siamang	GCA_028878055.2	chr16	35194957	35197218	chr11	50890784	50893043	95227	1	130247.0	-	small	2261
siamang	GCA_028878055.2	chr16	35199266	35204590	chr11	50824444	50829723	350374	1	65417.0	-	small	5324
siamang	GCA_028878055.2	chr16	35242826	35246390	chr11	50915786	50919347	234328	1	155900.0	-	small	3564
siamang	GCA_028878055.2	chr17	141928	60121244	chr20	16589133	68965085	1318211897	1	2966656.058075644	+	pericentric	59979316
siamang	GCA_028878055.2	chr17	15760426	15764139	chr20	52671347	52675982	259896	1	119798.0	+	small	3713
siamang	GCA_028878055.2	chr17	32039498	32051480	chr20	25924574	25940089	898951	1	922115.0	+	small	11982
siamang	GCA_028878055.2	chr17	36323727	36335866	chr20	39513109	65594976	3503590	4	1738.0	+	small	12139
siamang	GCA_028878055.2	chr17	36337018	36338326	chr20	26968959	26970277	104582	1	8169076.0	+	small	1308
siamang	GCA_028878055.2	chr17	37937630	37938938	chr20	26968959	26970277	104534	1	8169076.0	+	small	1308
siamang	GCA_028878055.2	chr17	37977757	37989204	chr20	67451509	67465876	836504	1	17148.0	+	small	11447
siamang	GCA_028878055.2	chr17	38003876	38015862	chr20	39513109	41438105	1666115	2	20719847.0	+	small	11986
siamang	GCA_028878055.2	chr17	38017167	38018475	chr20	26968959	26970277	104375	1	8169076.0	+	small	1308
siamang	GCA_028878055.2	chr17	38141127	38142435	chr20	26968959	26970277	104534	1	8169078.0	+	small	1308
siamang	GCA_028878055.2	chr19	22445027	22446131	chr13	47703576	47704487	50803	1	876534.0	+	small	1104
siamang	GCA_028878055.2	chr19	46381375	58582623	chr13	20014675	31909381	879760499	1	11124.887909665704	+	pericentric	12201248
siamang	GCA_028878055.2	chr22	16877502	36972591	chr18	54680085	73864484	496293024	2	733121.7152536213	-	pericentric	20095089
siamang	GCA_028878055.2	chr22	32187815	32197331	chr18	69088513	69097863	635936	1	634136.0	-	small	9516
siamang	GCA_028878055.2	chr3	93808614	129999061	chr21	18334849	53474780	2824435843	1	89149.36946472526	-	pericentric	36190447
siamang	GCA_028878055.2	chr7	77066766	86558862	chr6	83450299	92914224	745712376	1	2714786.263815522	+	pericentric	9492096
siamang	GCA_028878055.2	chr8	47203145	67018650	chr7	51062883	70485720	1557317703	1	5387024.0	+	pericentric	19815505
siamang	GCA_028878055.2	chr9	62900305	67011059	chr3	79291021	79703173	5016055	1	1731709.971631512	-	pericentric	4110754
siamang	GCA_028878055.2	chrY	19010761	23563598	chrY	17890053	24313970	97983151	1	426511.54812043905	+	pericentric	4552837
siamang	GCA_028878055.2	chrY	23582710	24936257	chrY	18044848	19139470	12014201	1	172616.0126751177	+	pericentric	1353547
siamang	GCA_028878055.2	chrY	24641458	24647462	chrY	18300997	18308080	163519	1	215452.0	+	small	6004
siamang	GCA_028878055.2	chrY	24849351	24850564	chrY	18111040	18112253	94644	1	22560.0	+	small	1213
human_CHM13	hs1	chr1	145129133	149740426	chr1	144253840	148864574	313941514	1	1189495.075144589	+	pericentric	4611293
human_CHM13	hs1	chr15	82449757	84496470	chr15	80313885	82248918	10844090	1	51275.606964707375	+	pericentric	2046713
human_CHM13	hs1	chr16	21558792	22699430	chr16	21517870	22658127	108107105	1	106236.46418649332	+	pericentric	1140638
human_CHM13	hs1	chr17	45495837	46565074	chr17	46349551	47426644	18301105	1	232928.77865754813	+	pericentric	1069237
human_CHM13	hs1	chr20	28728977	30831906	chr20	30340064	32017134	45960191	1	787852.7222266681	+	pericentric	2102929
human_CHM13	hs1	chr21	6657284	6665525	chr21	2922188	2930511	642587	1	28399.0	+	small	8241
human_CHM13	hs1	chr22	10510000	12225588	chr22	9748955	11473636	53516913	1	726866.8041373249	+	pericentric	1715588
human_CHM13	hs1	chr22	12029832	12034102	chr22	8482138	8486408	394501	1	305246.0	+	small	4270
human_CHM13	hs1	chr22	12882364	12883707	chr22	9925482	9926826	123620	1	517305.0	+	small	1343
human_CHM13	hs1	chr22	18518862	21324414	chr22	18911093	21890129	23042798	1	82289.8204523474	+	pericentric	2805552
human_CHM13	hs1	chr7	72891831	75368314	chr7	76083790	76760920	6075014	1	1077620.6328217983	+	pericentric	2476483
human_CHM13	hs1	chr8	7133213	12559855	chr8	6887832	12826597	405859000	1	176655.04219069332	+	pericentric	5426642
human_CHM13	hs1	chr8	7930871	7949802	chr8	7623956	7642885	1701767	1	335384.0	+	small	18931
human_CHM13	hs1	chr9	39756567	62748834	chr9	39607116	44332513	166524327	1	1799839.13239374	+	pericentric	22992267
human_CHM13	hs1	chr9	61068333	61231971	chr9	41204731	41368946	15387283	1	524059.0	+	small	163638
human_CHM13	hs1	chr9	62465263	62468971	chr9	42016915	42020627	292845	1	1136631.0	+	small	3708
human_CHM13	hs1	chr9	63030759	63041755	chr9	44808621	44819719	989509	1	2334853.0	+	small	10996
human_CHM13	hs1	chr9	63759852	65814223	chr9	40578039	40822880	11955312	1	142976.51431900263	+	pericentric	2054371
human_CHM13	hs1	chrY	21362581	26167278	chrY	22237843	26979191	254334691	1	1619315.860953685	+	pericentric	4804697
